,Date,RF,WaterLevel,FlowRate,Input,Output
0,1998073115,0.0,151.22,50.3,399.1,0.0
1,1998073116,1.0,151.2,50.3,254.7,0.0
2,1998073122,0.7,151.19,50.3,112.9,0.0
3,1998073123,0.1,151.19,50.3,0.0,0.0
4,1998080124,0.1,151.37,50.4,226.9,0.0
5,1998080101,3.3,151.2,50.4,112.8,0.0
6,1998080102,3.2,151.2,50.4,0.0,0.0
7,1998080103,1.9,151.21,50.4,112.8,0.0
8,1998080104,4.0,151.22,50.4,0.0,0.0
9,1998080105,8.8,151.23,50.4,225.9,0.0
10,1998080106,0.1,151.24,50.4,113.1,0.0
11,1998080107,12.4,151.24,50.4,0.0,0.0
12,1998080108,5.0,151.27,50.4,339.2,0.0
13,1998080109,3.1,151.26,50.4,99.1,0.0
14,1998080110,0.0,151.27,50.4,370.7,0.0
15,1998080115,0.0,151.26,50.4,456.9,151.4
16,1998080116,18.4,151.27,50.4,317.4,151.4
17,1998080117,1.8,151.28,50.4,113.1,0.0
18,1998080118,3.7,151.29,50.4,113.3,0.0
19,1998080119,4.2,151.32,50.4,339.7,0.0
20,1998080213,0.0,151.51,49.6,118.1,4.2
21,1998080214,0.3,151.52,49.6,278.4,164.3
22,1998080302,0.0,151.54,50.0,114.2,0.0
23,1998080303,0.1,151.54,50.0,0.0,0.0
24,1998080304,0.1,151.55,50.0,114.0,0.0
25,1998080305,4.7,151.56,50.0,114.1,0.0
26,1998080306,0.3,151.57,50.0,114.3,0.0
27,1998080307,0.1,151.57,50.0,0.0,0.0
28,1998080308,0.1,151.58,50.0,114.1,0.0
29,1998080309,3.0,151.59,50.0,114.2,0.0
30,1998080310,0.0,151.6,50.0,263.7,149.3
31,1998080311,1.6,151.6,50.0,287.1,149.3
32,1998080312,0.0,151.6,50.0,352.7,149.3
33,1998080319,0.5,151.59,50.0,266.4,152.3
34,1998080320,2.3,151.59,50.0,0.0,0.0
35,1998080322,1.0,151.6,50.0,240.2,11.7
36,1998080323,0.6,151.61,50.0,0.0,0.0
37,1998080608,0.0,151.82,50.6,0.0,0.0
38,1998080609,0.0,151.83,50.6,115.0,0.0
39,1998080611,0.1,151.84,50.6,263.3,148.2
40,1998080612,1.0,151.85,50.6,382.5,148.2
41,1998080613,0.2,151.83,50.6,0.0,13.5
42,1998080614,4.5,151.83,50.6,341.4,13.5
43,1998080615,1.3,151.85,50.6,616.2,13.5
44,1998080616,1.0,151.82,50.6,0.0,13.5
45,1998080617,0.8,151.84,50.6,571.1,13.5
46,1998080618,2.1,151.82,50.6,115.9,13.5
47,1998080619,0.0,151.82,50.6,372.0,13.5
48,1998080707,0.0,151.89,50.1,115.3,0.0
49,1998080708,1.2,151.89,50.1,0.0,0.0
50,1998080709,0.2,151.9,50.1,115.3,0.0
51,1998080720,0.0,151.89,50.1,374.6,27.0
52,1998080806,1.1,151.93,50.3,0.0,0.0
53,1998080807,2.5,151.94,50.3,115.6,0.0
54,1998080808,0.2,151.95,50.3,115.5,0.0
55,1998080809,4.8,151.94,50.3,92.3,0.0
56,1998080810,7.1,151.95,50.3,471.4,0.0
57,1998080811,0.2,151.95,50.3,379.5,0.0
58,1998080812,0.0,151.95,50.3,372.8,0.0
59,1998080813,0.0,151.96,50.3,137.8,22.3
60,1998080820,6.1,151.99,50.3,576.8,0.0
61,1998080821,19.5,152.03,50.3,347.2,0.0
62,1998080822,0.8,152.08,50.3,579.4,0.0
63,1998080823,4.2,152.13,50.3,696.4,0.0
64,1998080924,2.3,152.91,50.0,237.9,0.0
65,1998080901,1.4,152.22,50.0,814.7,0.0
66,1998080902,0.2,152.24,50.0,233.1,0.0
67,1998080903,0.1,152.29,50.0,583.3,0.0
68,1998080904,0.3,152.33,50.0,467.2,0.0
69,1998080905,0.7,152.37,50.0,467.8,0.0
70,1998080906,1.2,152.42,50.0,585.7,0.0
71,1998080907,0.7,152.45,50.0,351.8,0.0
72,1998080908,0.3,152.5,50.0,587.1,0.0
73,1998080909,0.0,152.54,50.0,352.6,0.0
74,1998080910,0.0,152.57,50.0,470.8,0.0
75,1998080911,0.1,152.61,50.0,487.3,16.1
76,1998080912,0.0,152.63,50.0,573.2,16.1
77,1998080913,0.1,152.67,50.0,798.3,16.1
78,1998081013,0.0,153.15,50.0,375.7,16.4
79,1998081108,2.8,153.33,50.1,240.9,0.0
80,1998081109,1.3,153.34,50.1,126.8,6.4
81,1998081110,2.7,153.34,50.1,341.7,6.4
82,1998081111,1.2,153.35,50.1,,0.0
83,1998081112,2.8,153.36,50.1,432.5,6.4
84,1998081113,10.0,153.38,50.1,241.3,0.0
85,1998081114,3.5,153.39,50.1,413.0,0.0
86,1998081115,0.5,153.42,50.1,730.0,0.0
87,1998081120,4.8,153.51,50.1,518.6,0.0
88,1998081121,5.4,153.54,50.1,626.8,0.0
89,1998081224,18.3,154.07,74.0,246.0,0.0
90,1998081201,8.6,153.64,74.0,364.6,0.0
91,1998081202,6.7,153.68,74.0,486.6,0.0
92,1998081203,4.3,153.7,74.0,243.6,0.0
93,1998081204,14.1,153.72,74.0,243.8,0.0
94,1998081205,12.0,153.75,74.0,365.8,0.0
95,1998081206,6.2,153.77,74.0,244.1,0.0
96,1998081207,1.1,153.8,74.0,366.3,0.0
97,1998081208,0.9,153.82,74.0,244.5,0.0
98,1998081209,0.9,153.85,74.0,244.4,0.0
99,1998081210,0.6,153.87,74.0,367.1,0.0
100,1998081211,4.8,153.87,74.0,23.7,23.7
101,1998081212,5.2,153.92,74.0,887.0,23.7
102,1998081213,0.3,153.92,74.0,122.5,0.0
103,1998081214,0.2,153.92,74.0,122.5,0.0
104,1998081215,2.5,153.94,74.0,643.8,0.0
105,1998081216,2.2,153.95,74.0,384.3,0.0
106,1998081217,0.3,153.97,74.0,589.7,0.0
107,1998081218,2.3,153.98,74.0,245.6,0.0
108,1998081219,3.1,154.0,74.0,245.8,0.0
109,1998081220,0.8,154.02,74.0,387.7,141.8
110,1998081301,1.4,154.08,100.0,246.3,0.0
111,1998081302,0.1,154.1,100.0,246.5,0.0
112,1998081313,0.3,154.24,100.0,123.9,0.0
113,1998081314,0.1,154.24,100.0,68.2,68.2
114,1998081415,0.0,154.33,100.1,342.3,0.0
115,1998081416,0.0,154.32,100.1,278.2,0.0
116,1998081417,0.3,154.32,100.1,364.5,0.0
117,1998081418,0.0,154.32,100.1,358.9,0.0
118,1998081419,0.0,154.31,100.1,214.1,0.0
119,1998081420,1.3,154.31,100.1,331.3,0.0
120,1998081421,0.6,154.31,100.1,346.7,0.0
121,1998081422,0.2,154.3,100.1,174.8,0.0
122,1998081423,0.5,154.3,100.1,376.5,0.0
123,1998081524,0.4,155.47,109.3,842.8,18.9
124,1998081501,0.5,154.31,109.3,0.0,0.0
125,1998081502,0.7,154.31,109.3,0.0,0.0
126,1998081503,0.1,154.34,109.3,370.5,0.0
127,1998081504,0.2,154.36,109.3,247.2,0.0
128,1998081505,0.4,154.37,109.3,123.6,0.0
129,1998081506,1.5,154.41,109.3,495.0,0.0
130,1998081507,5.3,154.44,109.3,371.5,0.0
131,1998081508,5.0,154.49,109.3,633.7,138.0
132,1998081509,0.0,154.53,109.3,1039.2,138.0
133,1998081523,1.3,155.41,109.3,527.0,18.9
134,1998081624,4.7,157.71,155.0,1124.0,0.0
135,1998081601,13.7,155.53,155.0,891.6,0.0
136,1998081602,14.1,155.61,155.0,893.2,0.0
137,1998081603,5.0,155.69,155.0,1150.6,0.0
138,1998081604,8.5,155.77,155.0,1025.1,0.0
139,1998081605,3.1,155.87,155.0,1284.2,0.0
140,1998081606,6.4,155.96,155.0,1158.7,0.0
141,1998081607,19.0,156.07,155.0,1525.6,105.6
142,1998081608,19.6,156.22,155.0,2168.3,105.6
143,1998081609,6.5,156.35,155.0,2198.0,105.6
144,1998081610,14.5,156.5,155.0,2378.2,105.6
145,1998081611,0.3,156.64,155.0,2119.6,105.6
146,1998081612,0.0,156.78,155.0,2222.9,105.6
147,1998081615,0.1,157.12,155.0,1747.7,105.6
148,1998081616,0.0,157.21,155.0,1568.3,105.6
149,1998081618,0.7,157.37,155.0,1292.8,105.6
150,1998081619,0.0,157.44,155.0,1331.7,105.6
151,1998081620,0.0,157.51,155.0,1218.7,105.6
152,1998081621,0.0,157.56,155.0,1167.7,0.0
153,1998081623,0.1,157.66,155.0,1100.3,0.0
154,1998081724,0.2,158.17,108.57,154.7,154.7
155,1998081701,0.0,157.75,108.57,953.5,0.0
156,1998081706,0.0,157.91,108.57,780.9,0.0
157,1998081707,0.0,157.93,108.57,652.3,0.0
158,1998081720,0.0,158.14,108.57,291.6,155.5
159,1998081723,0.0,158.17,108.57,290.9,154.8
160,1998081824,0.2,158.31,67.13,156.3,156.3
161,1998081801,0.0,158.19,67.13,291.1,155.0
162,1998081802,0.1,158.19,67.13,238.6,102.2
163,1998081804,0.1,158.21,67.13,151.1,151.1
164,1998081805,1.3,158.21,67.13,288.7,152.4
165,1998081806,0.4,158.21,67.13,155.3,155.3
166,1998081807,3.6,158.22,67.13,291.7,155.2
167,1998081808,1.2,158.23,67.13,291.2,154.9
168,1998081809,2.9,158.23,67.13,154.8,154.8
169,1998081810,2.7,158.24,67.13,292.6,156.0
170,1998081811,2.4,158.24,67.13,156.3,156.3
171,1998081812,6.5,158.25,67.13,292.7,156.2
172,1998081813,1.2,158.26,67.13,292.7,156.2
173,1998081814,1.9,158.27,67.13,222.6,85.9
174,1998081815,0.8,158.27,67.13,156.3,156.3
175,1998081816,0.3,158.28,67.13,292.8,156.3
176,1998081817,0.0,158.28,67.13,156.3,156.3
177,1998081822,0.0,158.31,67.13,156.3,156.3
178,1998081823,0.1,158.31,67.13,292.9,156.3
179,1999072324,4.0,145.52,60.07,276.6,0.0
180,1999072301,0.0,145.4,60.07,185.4,0.0
181,1999072307,0.0,145.44,60.07,93.0,0.0
182,1999072308,0.6,145.45,60.07,92.9,0.0
183,1999072309,1.6,145.47,60.07,186.0,0.0
184,1999072310,0.0,145.48,60.07,0.0,0.0
185,1999072313,0.3,145.52,60.07,186.3,0.0
186,1999072314,12.7,145.53,60.07,100.1,7.0
187,1999072417,0.0,145.58,35.24,321.9,0.0
188,1999072418,1.0,145.59,35.24,93.3,0.0
189,1999072419,4.0,145.58,35.24,0.0,0.0
190,1999072420,30.7,145.6,35.24,167.2,73.9
191,1999072618,0.0,145.6,42.24,93.5,0.0
192,1999072619,0.0,145.59,42.24,0.0,0.0
193,1999072709,0.1,145.6,73.4,93.3,0.0
194,1999072710,0.3,145.59,73.4,0.0,0.0
195,1999072711,0.0,145.6,73.4,158.1,64.6
196,1999072716,0.2,145.58,73.4,68.2,161.5
197,1999072717,0.1,145.58,73.4,173.0,173.0
198,1999072719,0.0,145.57,73.4,0.0,0.0
199,1999072720,0.0,145.56,73.4,276.6,0.0
200,1999072803,0.1,145.52,73.35,0.0,0.0
201,1999072804,0.8,145.53,73.35,93.1,0.0
202,1999072805,2.5,145.53,73.35,0.0,0.0
203,1999072806,0.6,145.53,73.35,0.0,0.0
204,1999072807,0.1,145.54,73.35,93.3,0.0
205,1999072808,0.7,145.54,73.35,0.0,0.0
206,1999072809,0.3,145.54,73.35,0.0,0.0
207,1999072810,0.0,145.54,73.35,0.0,0.0
208,1999072811,0.0,145.54,73.35,75.6,75.6
209,1999072812,0.0,145.55,73.35,258.1,164.9
210,1999072813,0.1,145.55,73.35,0.0,0.0
211,1999072814,0.0,145.54,73.35,88.1,181.3
212,1999072815,0.0,145.54,73.35,343.9,181.3
213,1999072822,0.3,145.5,73.35,219.1,157.3
214,1999072924,0.1,145.56,96.85,93.2,0.0
215,1999072901,0.2,145.49,96.85,0.0,0.0
216,1999072902,0.0,145.5,96.85,93.0,0.0
217,1999072916,1.4,145.51,96.85,131.5,1.8
218,1999072917,0.0,145.51,96.85,307.2,1.8
219,1999072918,1.4,145.52,96.85,142.4,49.2
220,1999072919,0.0,145.52,96.85,0.0,0.0
221,1999072920,1.5,145.54,96.85,369.0,182.6
222,1999072921,0.2,145.53,96.85,298.7,182.6
223,1999072922,0.1,145.55,96.85,467.4,182.6
224,1999072923,0.1,145.55,96.85,11.5,11.5
225,1999073024,0.0,145.62,332.92,0.0,0.0
226,1999073014,0.0,145.64,332.92,82.5,82.5
227,1999073015,1.0,145.65,332.92,283.0,189.5
228,1999073016,0.5,145.65,332.92,171.9,171.9
229,1999073017,0.1,145.65,332.92,178.9,178.9
230,1999073124,0.2,145.74,1632.54,94.0,0.0
231,1999073101,0.2,145.63,1632.54,93.6,0.0
232,1999073102,0.0,145.63,1632.54,0.0,0.0
233,1999073107,0.2,145.68,1632.54,93.6,0.0
234,1999073108,0.4,145.68,1632.54,0.0,0.0
235,1999073109,0.3,145.69,1632.54,93.8,0.0
236,1999073110,0.0,145.7,1632.54,93.7,0.0
237,1999073111,0.5,145.71,1632.54,93.7,0.0
238,1999073112,0.4,145.73,1632.54,418.2,0.0
239,1999073113,0.1,145.73,1632.54,0.0,0.0
240,1999073114,1.8,145.72,1632.54,0.0,34.7
241,1999073115,0.1,145.73,1632.54,431.6,34.7
242,1999073116,0.2,145.73,1632.54,337.7,34.7
243,1999080206,0.0,145.94,30.09,94.7,0.0
244,1999080207,0.1,145.95,30.09,94.6,0.0
245,1999080208,0.0,145.96,30.09,94.6,0.0
246,1999080212,0.0,146.0,30.09,359.4,169.8
247,1999080213,0.0,146.0,30.09,0.0,0.0
248,1999080215,0.0,146.0,30.09,502.8,178.2
249,1999080216,0.1,145.98,30.09,272.5,178.2
250,1999080217,10.3,145.98,30.09,210.7,178.2
251,1999080218,2.0,145.99,30.09,484.2,178.2
252,1999080219,1.2,145.99,30.09,306.5,178.2
253,1999080220,12.5,146.02,30.09,639.1,178.2
254,1999080221,14.0,146.04,30.09,554.2,178.2
255,1999080222,0.1,146.23,30.09,1640.5,21.9
256,1999080223,0.0,146.4,30.09,1628.8,0.0
257,1999080302,0.8,147.11,30.09,2646.0,0.0
258,1999080303,0.0,147.41,30.09,2969.2,0.0
259,1999080304,6.4,147.66,30.09,2498.1,0.0
260,1999080305,1.8,147.9,30.09,2519.7,0.0
261,1999080306,0.4,148.09,30.09,1929.4,0.0
262,1999080307,5.9,148.27,30.09,1941.9,0.0
263,1999080308,0.4,148.41,30.09,1541.9,0.0
264,1999080309,3.8,148.56,30.09,1446.3,0.0
265,1999080310,0.2,148.68,30.09,1396.3,47.4
266,1999080311,0.0,148.8,30.09,1450.8,47.4
267,1999080312,0.1,148.9,30.09,1327.1,176.7
268,1999080313,2.4,149.0,30.09,1049.8,0.0
269,1999080314,15.4,149.11,30.09,1302.5,143.8
270,1999080315,1.2,149.24,30.09,1445.5,176.7
271,1999080316,0.1,149.36,30.09,1443.8,169.9
272,1999080318,0.1,149.6,30.09,1440.3,156.6
273,1999080411,0.0,151.06,39.91,699.2,103.4
274,1999080412,0.3,151.1,39.91,677.5,103.4
275,1999080413,0.2,151.13,39.91,735.6,103.4
276,1999080414,1.8,151.16,39.91,630.3,103.4
277,1999080415,1.5,151.19,39.91,669.7,103.4
278,1999080416,0.0,151.22,39.91,681.9,103.4
279,1999080417,0.0,151.24,39.91,546.1,103.4
280,1999080418,0.0,151.27,39.91,527.3,103.4
281,1999091711,0.0,152.64,931.55,11.3,11.3
282,1999091712,0.9,152.64,931.55,51.4,51.4
283,1999091713,1.6,152.64,931.55,0.0,0.0
284,1999091714,1.6,152.64,931.55,10.4,10.4
285,1999091715,1.4,152.64,931.55,71.3,71.3
286,1999091716,0.3,152.64,931.55,71.3,71.3
287,1999091717,0.5,152.64,931.55,71.3,71.3
288,1999091718,0.7,152.64,931.55,71.3,71.3
289,1999091719,3.5,152.63,931.55,0.0,71.4
290,1999091720,2.9,152.62,931.55,14.0,132.0
291,1999091721,3.4,152.62,931.55,141.6,141.6
292,1999091722,2.3,152.62,931.55,14.0,131.8
293,1999091723,2.6,152.62,931.55,235.9,0.0
294,1999091824,1.8,152.6,417.46,0.0,0.0
295,1999091801,0.7,152.62,417.46,117.8,0.0
296,1999091802,0.4,152.62,417.46,0.0,0.0
297,1999091803,1.1,152.62,417.46,0.0,0.0
298,1999091804,2.0,152.63,417.46,118.1,0.0
299,1999091805,1.3,152.63,417.46,0.0,0.0
300,1999091806,3.0,152.64,417.46,117.9,0.0
301,1999091807,0.1,152.64,417.46,0.0,0.0
302,1999091808,0.2,152.64,417.46,0.0,0.0
303,1999091809,0.1,152.64,417.46,43.8,43.8
304,1999091810,0.0,152.63,417.46,0.0,93.2
305,1999091916,1.5,152.61,274.61,0.0,0.0
306,1999091917,0.4,152.6,274.61,0.0,0.0
307,1999091920,0.2,152.61,274.61,258.5,140.7
308,1999091921,0.5,152.6,274.61,0.0,116.3
309,1999091922,0.0,152.6,274.61,0.0,0.0
310,1999092024,1.0,154.31,748.5,740.9,121.5
311,1999092001,3.8,152.63,748.5,117.8,0.0
312,1999092002,4.6,152.63,748.5,118.1,0.0
313,1999092003,9.8,152.65,748.5,235.9,0.0
314,1999092004,8.5,152.66,748.5,118.2,0.0
315,1999092005,20.4,152.74,748.5,827.3,0.0
316,1999092006,4.1,152.78,748.5,473.7,0.0
317,1999092007,3.2,152.86,748.5,1067.6,0.0
318,1999092008,2.3,152.95,748.5,1070.5,0.0
319,1999092009,5.8,153.02,748.5,834.8,0.0
320,1999092010,1.9,153.21,748.5,2236.5,82.2
321,1999092011,0.3,153.31,748.5,1468.6,146.2
322,1999092012,0.9,153.45,748.5,1713.0,144.6
323,1999092013,0.1,153.59,748.5,1704.7,11.2
324,1999092014,0.1,153.68,748.5,1153.5,59.7
325,1999092015,0.1,153.79,748.5,1486.0,145.1
326,1999092018,0.0,154.01,748.5,1004.2,144.7
327,1999092019,0.1,154.07,748.5,882.7,144.8
328,1999092020,0.0,154.13,748.5,884.3,145.0
329,1999092107,0.9,154.59,1719.65,497.1,0.0
330,1999092108,3.3,154.63,1719.65,497.8,0.0
331,1999092109,2.1,154.65,1719.65,226.6,102.1
332,1999092110,0.4,154.69,1719.65,646.3,147.9
333,1999092111,0.1,154.7,1719.65,374.7,125.3
334,1999092112,0.0,154.74,1719.65,393.4,143.8
335,1999092113,0.0,154.76,1719.65,499.4,0.0
336,1999092114,0.0,154.77,1719.65,240.3,115.2
337,1999092115,1.4,154.8,1719.65,521.4,146.4
338,1999092116,0.0,154.81,1719.65,271.6,146.6
339,1999092117,0.1,154.84,1719.65,521.4,146.0
340,1999092118,0.0,154.85,1719.65,270.3,145.0
341,1999092119,0.0,154.87,1719.65,397.2,146.8
342,1999092120,0.3,154.88,1719.65,275.2,149.7
343,1999092121,0.0,154.89,1719.65,272.5,147.2
344,1999092202,0.3,155.0,5.25,377.0,0.0
345,1999092203,0.2,155.01,5.25,125.7,0.0
346,1999092204,0.2,155.04,5.25,377.6,0.0
347,1999092205,3.8,155.06,5.25,251.6,0.0
348,1999092206,2.3,155.09,5.25,377.9,0.0
349,1999092207,3.2,155.11,5.25,252.2,0.0
350,1999092208,0.7,155.13,5.25,259.0,6.8
351,1999092209,0.1,155.14,5.25,272.2,146.1
352,1999092215,0.2,155.21,5.25,393.8,141.2
353,1999092216,1.2,155.21,5.25,135.4,135.4
354,1999092217,0.3,155.23,5.25,393.2,140.2
355,1999092218,2.0,155.23,5.25,141.2,141.2
356,1999092219,5.4,155.25,5.25,393.2,140.1
357,1999092220,1.5,155.26,5.25,265.6,139.1
358,1999092221,0.5,155.27,5.25,264.1,137.4
359,1999092222,0.0,155.28,5.25,263.4,136.8
360,1999092223,0.2,155.3,5.25,340.6,87.2
361,1999092324,0.2,156.55,345.24,1991.6,163.3
362,1999092301,0.0,155.34,345.24,253.5,0.0
363,1999092302,0.0,155.36,345.24,253.8,0.0
364,1999092303,0.4,155.38,345.24,253.9,0.0
365,1999092304,0.1,155.4,345.24,253.9,0.0
366,1999092305,0.8,155.42,345.24,127.2,0.0
367,1999092306,0.5,155.44,345.24,381.4,0.0
368,1999092307,0.1,155.46,345.24,254.3,0.0
369,1999092308,0.2,155.48,345.24,254.6,0.0
370,1999092309,4.3,155.5,345.24,254.7,0.0
371,1999092310,15.9,155.53,345.24,313.3,58.4
372,1999092311,7.4,155.55,345.24,521.6,139.1
373,1999092312,5.0,155.56,345.24,272.2,144.7
374,1999092313,1.7,155.59,345.24,530.3,147.5
375,1999092314,9.7,155.61,345.24,402.7,147.2
376,1999092315,8.3,155.66,345.24,658.0,146.9
377,1999092316,8.2,155.71,345.24,787.1,147.3
378,1999092317,10.3,155.77,345.24,1047.6,150.5
379,1999092318,1.2,155.85,345.24,1189.0,161.8
380,1999092319,1.9,155.94,345.24,1320.0,161.9
381,1999092320,4.6,156.06,345.24,1581.0,161.9
382,1999092321,1.7,156.16,345.24,1455.3,161.9
383,1999092322,4.1,156.29,345.24,1848.5,161.9
384,1999092323,2.2,156.41,345.24,1723.7,161.9
385,1999092424,8.0,159.32,145.06,1001.0,160.8
386,1999092401,4.8,156.69,145.06,1975.4,141.0
387,1999092402,12.4,156.81,145.06,1874.9,165.4
388,1999092403,1.9,156.95,145.06,1880.6,165.5
389,1999092404,1.8,157.06,145.06,1620.0,164.4
390,1999092405,0.2,157.17,145.06,1623.2,163.6
391,1999092406,2.4,157.28,145.06,1760.2,163.4
392,1999092407,2.6,157.4,145.06,1628.6,160.6
393,1999092408,1.0,157.54,145.06,2034.3,160.1
394,1999092409,1.5,157.67,145.06,1857.9,111.6
395,1999092410,2.4,157.81,145.06,2155.6,133.8
396,1999092411,0.2,157.96,145.06,2163.7,134.4
397,1999092412,0.0,158.11,145.06,2027.4,126.3
398,1999092416,0.7,158.67,145.06,1924.1,134.3
399,1999092417,0.5,158.79,145.06,1811.9,154.9
400,2000072223,0.0,140.79,25.82,0.0,0.0
401,2000072324,0.0,141.71,18.54,364.6,55.6
402,2000072301,3.8,140.8,18.54,74.4,0.0
403,2000072302,13.9,140.84,18.54,223.6,0.0
404,2000072303,10.5,140.82,18.54,0.0,0.0
405,2000072304,14.0,140.86,18.54,298.4,0.0
406,2000072305,7.0,140.86,18.54,0.0,0.0
407,2000072306,6.5,140.89,18.54,224.2,0.0
408,2000072307,8.0,140.91,18.54,149.6,0.0
409,2000072308,8.0,140.94,18.54,224.6,0.0
410,2000072309,9.5,140.96,18.54,149.8,0.0
411,2000072310,7.0,141.0,18.54,300.3,0.0
412,2000072311,5.5,141.04,18.54,300.8,0.0
413,2000072312,9.0,141.08,18.54,301.2,0.0
414,2000072313,8.5,141.14,18.54,453.6,0.9
415,2000072314,7.5,141.18,18.54,441.6,139.2
416,2000072315,6.0,141.24,18.54,594.7,140.0
417,2000072316,6.5,141.28,18.54,443.4,139.8
418,2000072317,25.5,141.36,18.54,747.7,138.7
419,2000072318,7.0,141.42,18.54,596.3,138.3
420,2000072319,7.0,141.49,18.54,670.5,134.6
421,2000072320,0.0,141.54,18.54,516.2,132.5
422,2000082409,0.0,140.93,599.97,0.0,29.7
423,2000082410,0.0,140.92,599.97,59.1,134.0
424,2000082411,0.4,140.91,599.97,58.7,133.5
425,2000082412,1.7,140.91,599.97,80.5,80.5
426,2000082413,0.0,140.88,599.97,0.0,10.8
427,2000082414,0.0,140.88,599.97,138.4,138.4
428,2000082423,0.1,140.81,599.97,0.0,0.0
429,2000082524,5.2,140.85,270.32,0.0,0.0
430,2000082501,4.7,140.83,270.32,74.5,0.0
431,2000082502,7.8,140.84,270.32,74.6,0.0
432,2000082503,1.8,140.85,270.32,66.7,0.0
433,2000082504,1.1,140.87,270.32,35.4,0.0
434,2000082505,0.5,140.88,270.32,0.0,0.0
435,2000082506,0.0,140.9,270.32,108.9,0.0
436,2000082507,0.5,140.9,270.32,0.0,0.0
437,2000082508,1.0,140.91,270.32,74.9,0.0
438,2000082509,1.5,140.91,270.32,0.0,0.0
439,2000082510,6.0,140.91,270.32,43.4,43.4
440,2000082511,1.5,140.9,270.32,63.6,138.5
441,2000082512,4.0,140.91,270.32,131.2,131.2
442,2000082513,0.0,140.91,270.32,74.9,0.0
443,2000082514,0.5,140.9,270.32,43.8,118.6
444,2000082515,1.0,140.89,270.32,64.6,139.4
445,2000082516,1.5,140.86,270.32,0.0,138.0
446,2000082517,0.5,140.86,270.32,136.6,136.6
447,2000082518,0.5,140.86,270.32,59.4,134.0
448,2000082522,0.0,140.84,270.32,0.0,0.0
449,2000082523,0.0,140.86,270.32,257.4,108.0
450,2000082624,0.0,141.32,133.8,532.1,0.0
451,2000082601,0.3,140.86,133.8,74.6,0.0
452,2000082602,0.1,140.87,133.8,74.7,0.0
453,2000082603,0.5,140.87,133.8,0.0,0.0
454,2000082604,0.5,140.89,133.8,0.0,0.0
455,2000082605,0.5,140.91,133.8,0.0,0.0
456,2000082606,0.8,140.94,133.8,43.9,0.0
457,2000082607,0.1,140.95,133.8,74.9,0.0
458,2000082608,0.2,140.98,133.8,225.0,0.0
459,2000082609,1.4,140.98,133.8,0.0,0.0
460,2000082610,2.8,140.99,133.8,157.4,82.3
461,2000082611,2.7,140.98,133.8,62.5,137.6
462,2000082612,0.1,140.99,133.8,208.7,133.5
463,2000082613,0.3,141.0,133.8,75.1,0.0
464,2000082614,0.0,141.0,133.8,57.5,57.5
465,2000082615,0.0,141.01,133.8,213.1,138.0
466,2000082616,1.6,141.0,133.8,61.1,136.2
467,2000082617,0.9,141.02,133.8,250.2,99.9
468,2000082618,2.8,141.02,133.8,0.0,0.0
469,2000082619,5.5,141.05,133.8,225.7,0.0
470,2000082620,11.0,141.05,133.8,131.2,131.2
471,2000082621,25.5,141.09,133.8,321.3,20.0
472,2000082622,12.5,141.15,133.8,452.9,0.0
473,2000082623,1.5,141.25,133.8,757.4,0.0
474,2000082724,0.5,142.99,73.84,406.6,0.0
475,2000082701,0.3,141.4,73.84,609.8,0.0
476,2000082702,0.3,141.48,73.84,612.0,0.0
477,2000082703,1.1,141.56,73.84,614.0,0.0
478,2000082704,1.0,141.64,73.84,616.0,0.0
479,2000082705,2.3,141.71,73.84,540.6,0.0
480,2000082706,6.7,141.79,73.84,542.2,0.0
481,2000082707,3.9,141.88,73.84,777.3,0.0
482,2000082708,1.0,141.97,73.84,702.2,0.0
483,2000082711,0.0,142.23,73.84,651.9,99.9
484,2000082712,3.0,142.31,73.84,763.5,130.6
485,2000082713,4.0,142.37,73.84,607.0,131.0
486,2000082714,0.0,142.44,73.84,686.7,129.8
487,2000083108,0.0,144.11,146.94,0.0,0.0
488,2000083109,0.0,144.11,146.94,0.0,0.0
489,2000083114,0.6,144.12,146.94,68.1,68.1
490,2000083115,0.6,144.12,146.94,512.3,68.1
491,2000083116,0.4,144.13,146.94,145.5,56.9
492,2000083117,5.0,144.14,146.94,97.4,9.0
493,2000083118,2.3,144.13,146.94,0.0,42.2
494,2000083119,3.2,144.13,146.94,89.6,89.6
495,2000083120,0.1,144.12,146.94,44.8,133.4
496,2000083122,0.2,144.1,146.94,46.1,134.4
497,2000083123,0.0,144.09,146.94,45.1,133.6
498,2000091214,0.0,145.36,638.83,92.6,0.0
499,2000091217,0.0,145.36,638.83,64.2,64.2
500,2000091218,0.1,145.36,638.83,129.1,129.1
501,2000091219,0.0,145.35,638.83,42.3,134.8
502,2000091220,0.2,145.35,638.83,135.2,135.2
503,2000091221,0.7,145.33,638.83,0.0,134.8
504,2000091222,0.4,145.33,638.83,136.5,136.5
505,2000091223,0.4,145.32,638.83,43.7,136.1
506,2000091324,0.1,145.63,717.21,187.1,0.0
507,2000091301,0.1,145.32,717.21,0.0,0.0
508,2000091302,0.3,145.33,717.21,92.5,0.0
509,2000091303,0.7,145.34,717.21,92.5,0.0
510,2000091304,0.9,145.35,717.21,0.0,0.0
511,2000091305,2.7,145.37,717.21,0.0,0.0
512,2000091306,0.3,145.39,717.21,0.0,0.0
513,2000091307,1.0,145.4,717.21,92.7,0.0
514,2000091308,4.3,145.41,717.21,92.9,0.0
515,2000091309,1.6,145.42,717.21,92.7,0.0
516,2000091310,2.1,145.43,717.21,92.8,0.0
517,2000091311,5.2,145.44,717.21,146.9,53.9
518,2000091312,4.5,145.44,717.21,66.1,66.1
519,2000091313,4.0,145.45,717.21,158.6,65.8
520,2000091314,2.5,145.46,717.21,158.7,65.8
521,2000091315,3.5,145.48,717.21,244.8,58.8
522,2000091316,2.5,145.49,717.21,134.8,41.7
523,2000091317,2.0,145.51,717.21,249.5,63.4
524,2000091318,0.5,145.52,717.21,154.2,61.0
525,2000091319,1.5,145.54,717.21,186.4,0.0
526,2000091320,0.5,145.55,717.21,151.8,58.6
527,2000091321,5.5,145.57,717.21,317.6,131.0
528,2000091322,5.5,145.57,717.21,130.1,130.1
529,2000091323,2.5,145.61,717.21,500.6,127.1
530,2000091424,5.0,147.85,0.0,1088.9,79.1
531,2000091401,4.1,145.66,0.0,280.7,0.0
532,2000091402,3.1,145.7,0.0,374.8,0.0
533,2000091403,7.0,145.74,0.0,375.5,0.0
534,2000091404,2.5,145.82,0.0,526.1,0.0
535,2000091405,1.5,145.88,0.0,323.4,0.0
536,2000091406,1.5,145.94,0.0,493.6,0.0
537,2000091407,5.5,146.02,0.0,700.9,0.0
538,2000091408,8.0,146.08,0.0,668.9,99.1
539,2000091409,3.0,146.16,0.0,897.8,136.2
540,2000091410,3.5,146.23,0.0,708.6,136.0
541,2000091411,5.5,146.35,0.0,1369.8,124.8
542,2000091412,2.0,146.47,0.0,1154.3,0.0
543,2000091413,0.5,146.58,0.0,1062.5,0.0
544,2000091414,2.5,146.71,0.0,1260.9,0.0
545,2000091415,0.0,146.84,0.0,1169.3,0.0
546,2000091416,0.5,146.97,0.0,1370.3,0.0
547,2000091417,2.0,147.09,0.0,1179.8,0.0
548,2000091418,0.0,147.22,0.0,1184.8,0.0
549,2000091419,0.0,147.33,0.0,1189.9,0.0
550,2000091420,0.5,147.44,0.0,1095.0,0.0
551,2000091421,0.0,147.56,0.0,1199.2,0.0
552,2000091422,0.0,147.66,0.0,1003.6,0.3
553,2000091423,3.5,147.75,0.0,1034.0,128.2
554,2000091524,1.0,149.26,0.0,529.9,0.0
555,2000091501,0.8,147.93,0.0,810.2,0.0
556,2000091502,0.0,148.03,0.0,1016.1,0.0
557,2000091503,0.1,148.12,0.0,917.3,0.0
558,2000091504,0.0,148.21,0.0,743.5,0.0
559,2000091509,2.4,148.59,0.0,725.0,0.0
560,2000091510,0.6,148.65,0.0,726.5,0.0
561,2000091511,0.0,148.71,0.0,624.2,0.0
562,2000091512,0.0,148.77,0.0,625.6,0.0
563,2000091513,0.0,148.82,0.0,522.2,0.0
564,2000091514,3.1,148.88,0.0,552.5,29.7
565,2000091515,3.5,148.91,0.0,548.8,129.7
566,2000091516,0.0,148.96,0.0,670.3,145.8
567,2000091517,4.9,148.99,0.0,460.1,144.8
568,2000091518,2.0,149.03,0.0,549.1,128.4
569,2000091519,0.0,149.06,0.0,440.8,124.9
570,2000091520,0.0,149.11,0.0,646.7,119.5
571,2000091521,1.5,149.14,0.0,378.7,62.0
572,2000091522,0.0,149.17,0.0,353.1,36.1
573,2000091605,0.5,149.47,0.0,209.2,0.0
574,2000091606,0.2,149.51,0.0,357.6,0.0
575,2000091607,1.3,149.55,0.0,428.1,0.0
576,2000091608,6.8,149.61,0.0,535.8,0.0
577,2000091609,12.5,149.64,0.0,429.2,0.0
578,2000091610,0.5,149.68,0.0,429.7,0.0
579,2000091611,0.5,149.73,0.0,538.1,0.0
580,2000091622,0.0,150.67,0.0,886.9,0.0
581,2000091623,0.0,150.75,0.0,889.2,0.0
582,2002080511,0.0,145.54,0.0,31.7,130.6
583,2002080512,0.0,145.53,0.0,46.8,151.1
584,2002080519,0.5,145.49,0.0,46.5,0.0
585,2002080520,0.0,145.49,0.0,50.1,35.6
586,2002080608,0.0,145.49,0.0,9.3,0.0
587,2002080610,0.0,145.49,0.0,9.3,0.0
588,2002080611,0.0,145.48,0.0,3.0,123.2
589,2002080612,0.0,145.49,0.0,24.6,123.2
590,2002080613,0.5,145.48,0.0,24.6,0.0
591,2002080614,0.5,145.46,0.0,24.6,147.9
592,2002080615,0.0,145.47,0.0,40.1,155.0
593,2002080616,1.0,145.44,0.0,40.1,2.7
594,2002080617,2.0,145.46,0.0,58.7,0.0
595,2002080618,11.5,145.46,0.0,58.7,0.0
596,2002080619,3.0,145.46,0.0,58.7,0.0
597,2002080620,6.0,145.47,0.0,77.7,4.1
598,2002080621,6.5,145.48,0.0,80.9,155.1
599,2002080622,12.0,145.55,0.0,146.9,130.7
600,2002080623,0.5,145.72,0.0,296.5,0.0
601,2002080724,1.5,153.48,0.0,3784.5,160.9
602,2002080701,12.5,146.16,0.0,697.1,0.0
603,2002080702,1.5,146.45,0.0,974.9,0.0
604,2002080703,8.5,146.78,0.0,1266.2,0.0
605,2002080704,0.5,147.13,0.0,1609.2,0.0
606,2002080705,6.0,147.53,0.0,2016.4,0.0
607,2002080706,1.5,147.95,0.0,2410.3,0.0
608,2002080709,1.5,149.06,0.0,3335.3,1.8
609,2002080710,1.5,149.36,0.0,3440.5,160.3
610,2002080711,0.5,149.62,0.0,3536.5,164.8
611,2002080712,4.0,149.87,0.0,3529.7,125.5
612,2002080713,13.5,150.14,0.0,3513.0,0.0
613,2002080714,3.5,150.41,0.0,3477.0,2.7
614,2002080715,3.5,150.7,0.0,3394.9,154.7
615,2002080716,8.5,151.03,0.0,3341.5,24.6
616,2002080717,21.5,151.39,0.0,3318.6,0.0
617,2002080718,8.0,151.74,0.0,3346.2,0.0
618,2002080719,4.5,152.11,0.0,3405.1,0.0
619,2002080720,5.0,152.45,0.0,3512.3,113.2
620,2002080721,3.5,152.76,0.0,3600.4,159.8
621,2002080722,4.0,153.06,0.0,3690.1,158.8
622,2002080723,2.0,153.34,0.0,3748.9,161.2
623,2002080824,0.0,155.8,0.0,858.8,0.0
624,2002080801,4.5,153.85,0.0,3779.5,154.0
625,2002080802,5.0,154.05,0.0,3681.5,162.0
626,2002080803,2.0,154.24,0.0,3526.3,165.0
627,2002080804,0.5,154.39,0.0,3317.2,162.8
628,2002080805,0.0,154.53,0.0,3091.4,160.0
629,2002080807,0.0,154.76,0.0,2597.7,164.9
630,2002080808,0.5,154.86,0.0,2378.7,166.8
631,2002080809,0.0,154.94,0.0,2156.3,167.1
632,2002080810,0.0,155.01,0.0,1918.5,168.4
633,2002080811,0.0,155.08,0.0,1703.4,168.4
634,2002080812,0.0,155.15,0.0,1546.7,165.6
635,2002080813,0.0,155.22,0.0,1387.4,32.3
636,2002080814,1.5,155.26,0.0,1243.5,71.0
637,2002080815,0.0,155.32,0.0,1142.6,125.3
638,2002080816,0.0,155.36,0.0,1033.0,172.6
639,2002080817,0.0,155.41,0.0,972.5,173.0
640,2002080818,3.5,155.45,0.0,899.2,175.1
641,2002080819,3.5,155.5,0.0,850.9,176.5
642,2002080820,7.0,155.54,0.0,827.6,177.6
643,2002080821,22.0,155.59,0.0,804.3,177.6
644,2002080822,5.0,155.67,0.0,806.6,176.6
645,2002080823,1.0,155.73,0.0,809.1,173.9
646,2002080924,1.0,156.94,0.0,829.3,162.6
647,2002080901,0.1,155.86,0.0,877.9,176.5
648,2002080902,0.0,155.93,0.0,904.9,178.0
649,2002080903,0.0,155.99,0.0,919.2,178.1
650,2002080912,2.9,156.37,0.0,758.7,175.7
651,2002080913,0.5,156.4,0.0,707.4,178.2
652,2002080914,0.5,156.44,0.0,682.1,178.3
653,2002080915,2.5,156.46,0.0,657.4,179.5
654,2002080916,5.5,156.49,0.0,619.2,179.3
655,2002080917,6.0,156.53,0.0,619.7,179.1
656,2002080918,13.0,156.56,0.0,620.6,178.9
657,2002080919,12.5,156.6,0.0,621.7,178.7
658,2002080920,6.5,156.67,0.0,648.4,175.4
659,2002080921,1.5,156.73,0.0,687.6,171.8
660,2002080922,2.0,156.8,0.0,739.7,165.5
661,2002080923,0.0,156.88,0.0,803.8,157.3
662,2002081024,0.0,158.01,0.0,543.0,165.2
663,2002081001,1.0,157.01,0.0,881.1,162.4
664,2002081002,0.0,157.08,0.0,946.3,164.9
665,2002081003,0.5,157.13,0.0,958.9,164.8
666,2002081004,6.0,157.2,0.0,998.1,164.6
667,2002081005,4.5,157.28,0.0,1050.6,161.6
668,2002081006,0.0,157.34,0.0,1063.9,161.3
669,2002081007,0.0,157.4,0.0,1050.8,161.1
670,2002081008,0.0,157.46,0.0,1025.6,163.6
671,2002081018,0.5,157.86,0.0,681.5,160.1
672,2002081019,1.5,157.88,0.0,649.5,165.6
673,2002081020,5.0,157.91,0.0,631.9,165.6
674,2002081021,4.0,157.94,0.0,610.3,165.4
675,2002081022,1.5,157.96,0.0,582.5,162.6
676,2002081023,0.0,157.98,0.0,556.3,165.2
677,2002081124,0.0,158.79,0.0,497.6,0.0
678,2002081101,0.5,158.03,0.0,515.7,159.6
679,2002081102,2.5,158.05,0.0,515.8,162.3
680,2002081103,1.0,158.07,0.0,488.6,162.4
681,2002081104,5.0,158.09,0.0,475.8,165.4
682,2002081105,6.5,158.11,0.0,475.7,163.2
683,2002081106,2.0,158.14,0.0,476.0,166.1
684,2002081107,0.0,158.18,0.0,485.5,121.7
685,2002081109,0.0,158.24,0.0,480.3,0.0
686,2002081110,0.0,158.29,0.0,491.4,0.0
687,2002081114,0.5,158.43,0.0,509.4,0.0
688,2002081115,0.0,158.47,0.0,521.6,0.0
689,2002083012,0.0,157.9,0.0,39.9,254.5
690,2002083013,0.0,157.88,0.0,26.2,267.9
691,2002083020,0.0,157.76,0.0,38.4,248.6
692,2002083021,0.2,157.74,0.0,26.0,257.4
693,2002083022,0.3,157.73,0.0,39.2,266.1
694,2002083023,0.0,157.71,0.0,39.2,261.6
695,2002083124,2.0,157.74,0.0,2899.7,446.3
696,2002083101,1.0,157.68,0.0,25.9,265.8
697,2002083102,1.5,157.66,0.0,38.2,257.2
698,2002083103,2.0,157.64,0.0,38.2,370.7
699,2002083104,0.0,157.61,0.0,49.1,378.0
700,2002083105,0.5,157.58,0.0,36.4,377.5
701,2002083106,1.5,157.57,0.0,60.6,376.7
702,2002083107,1.0,157.54,0.0,60.6,376.1
703,2002083108,0.5,157.52,0.0,58.2,375.6
704,2002083109,0.0,157.49,0.0,68.9,375.0
705,2002083110,0.0,157.46,0.0,68.9,374.7
706,2002083111,1.5,157.44,0.0,79.6,374.1
707,2002083112,1.5,157.41,0.0,67.3,373.7
708,2002083113,4.0,157.39,0.0,76.8,362.6
709,2002083114,4.5,157.38,0.0,89.8,372.9
710,2002083115,8.0,157.35,0.0,89.8,365.9
711,2002083116,12.0,157.34,0.0,88.8,366.0
712,2002083117,11.0,157.32,0.0,107.4,452.9
713,2002083118,12.0,157.31,0.0,142.4,457.3
714,2002083119,27.0,157.31,0.0,162.5,441.5
715,2002083120,10.5,157.32,0.0,202.0,395.3
716,2002083121,7.0,157.34,0.0,275.2,437.6
717,2002083122,1.0,157.35,0.0,335.7,472.1
718,2002083123,0.0,157.58,0.0,2741.9,462.8
719,2002090124,0.5,159.73,0.0,323.2,16.4
720,2002090101,0.1,157.98,0.0,3583.3,559.5
721,2002090103,0.3,158.42,0.0,3419.1,537.6
722,2002090104,0.6,158.61,0.0,3115.6,574.8
723,2002090105,0.5,158.78,0.0,2743.6,377.7
724,2002090106,0.5,158.92,0.0,2284.7,270.1
725,2002090107,0.0,159.03,0.0,1881.8,271.4
726,2002090109,0.0,159.21,0.0,1318.1,258.5
727,2002090110,0.0,159.28,0.0,1192.6,236.7
728,2003070924,0.0,143.41,0.0,1437.2,131.4
729,2003070901,3.5,143.41,0.0,10.1,0.0
730,2003070902,3.5,143.41,0.0,59.8,0.0
731,2003070903,0.5,143.41,0.0,61.6,0.0
732,2003070904,1.0,143.41,0.0,49.7,0.0
733,2003070905,0.5,143.41,0.0,58.0,0.0
734,2003070906,3.0,143.41,0.0,66.3,0.0
735,2003070907,5.5,143.41,0.0,107.8,0.0
736,2003070908,0.0,143.41,0.0,91.3,0.0
737,2003070909,0.5,143.41,0.0,91.3,0.0
738,2003070910,0.5,143.41,0.0,116.3,0.0
739,2003070911,4.5,143.41,0.0,133.0,0.0
740,2003070912,5.0,143.41,0.0,149.7,0.0
741,2003070913,4.0,143.41,0.0,174.8,0.0
742,2003070914,1.5,143.41,0.0,174.9,0.0
743,2003070915,0.0,143.41,0.0,208.4,0.0
744,2003070916,0.0,143.41,0.0,191.9,0.0
745,2003070917,0.0,143.41,0.0,267.1,0.0
746,2003070918,0.0,143.41,0.0,366.9,0.0
747,2003070919,19.0,143.41,0.0,623.7,0.0
748,2003070920,1.5,143.41,0.0,959.3,127.2
749,2003070921,2.0,143.41,0.0,1246.8,130.9
750,2003070922,1.0,143.41,0.0,1370.4,133.4
751,2003070923,1.5,143.41,0.0,1427.9,135.7
752,2003071024,2.0,147.68,0.0,637.1,150.6
753,2003071001,2.5,143.41,0.0,1504.5,7.1
754,2003071002,6.0,143.41,0.0,1422.3,0.0
755,2003071003,1.0,143.41,0.0,1422.9,0.0
756,2003071004,5.0,143.41,0.0,1472.6,0.0
757,2003071005,1.0,143.41,0.0,1485.3,0.0
758,2003071006,4.5,143.41,0.0,1564.3,0.0
759,2003071007,6.5,143.41,0.0,1554.7,0.0
760,2003071008,1.0,143.41,0.0,1601.1,0.0
761,2003071009,0.5,143.41,0.0,1582.2,0.0
762,2003071010,0.5,146.38,0.0,1621.1,0.0
763,2003071011,0.0,146.53,0.0,1572.7,0.0
764,2003071012,2.0,146.69,0.0,1543.5,0.0
765,2003071013,1.0,146.83,0.0,1474.7,0.0
766,2003071014,0.0,146.95,0.0,1385.1,0.0
767,2003071015,0.0,147.06,0.0,1294.4,0.8
768,2003071016,0.0,147.16,0.0,1173.2,0.0
769,2003071017,0.0,147.26,0.0,1109.4,0.0
770,2003071018,0.0,147.35,0.0,1025.0,0.0
771,2003071019,0.0,147.42,0.0,927.8,60.0
772,2003071020,0.0,147.49,0.0,882.4,123.6
773,2003071021,0.0,147.54,0.0,790.1,125.0
774,2003071022,0.0,147.59,0.0,741.8,127.3
775,2003071023,0.0,147.64,0.0,685.8,124.8
776,2003071124,0.0,148.44,0.0,222.9,136.4
777,2003071101,0.5,147.75,0.0,654.8,0.0
778,2003071102,0.5,147.79,0.0,560.5,0.0
779,2003071103,2.0,147.84,0.0,553.9,0.0
780,2003071104,2.5,147.89,0.0,521.9,0.0
781,2003071105,0.0,147.94,0.0,520.4,0.0
782,2003071106,0.0,147.99,0.0,516.2,0.0
783,2003071107,0.0,148.02,0.0,435.9,0.0
784,2003071108,0.0,148.06,0.0,436.5,0.0
785,2003071109,0.0,148.1,0.0,416.9,0.0
786,2003071110,0.0,148.13,0.0,386.8,0.0
787,2003071111,0.0,148.17,0.0,387.4,0.0
788,2003071112,0.0,148.2,0.0,347.1,0.0
789,2003071113,0.0,148.23,0.0,347.4,0.0
790,2003071114,0.0,148.26,0.0,327.4,0.0
791,2003071115,0.0,148.29,0.0,317.5,0.0
792,2003071116,0.0,148.32,0.0,317.8,0.0
793,2003071117,0.0,148.34,0.0,277.1,0.0
794,2003071118,0.0,148.37,0.0,287.6,0.0
795,2003071119,0.0,148.39,0.0,289.3,107.4
796,2003071120,0.0,148.4,0.0,271.2,112.4
797,2003071121,0.0,148.41,0.0,252.8,112.8
798,2003071216,0.0,148.7,0.0,159.2,0.0
799,2003071217,0.0,148.71,0.0,141.9,0.0
800,2003071218,0.0,148.73,0.0,156.1,0.0
801,2003071219,0.0,148.74,0.0,135.7,1.0
802,2003071220,0.0,148.75,0.0,155.9,67.7
803,2003071221,0.5,148.75,0.0,142.9,118.0
804,2003071222,0.0,148.75,0.0,135.9,120.5
805,2003071223,1.5,148.75,0.0,131.1,116.3
806,2003071324,1.5,149.01,0.0,217.2,123.0
807,2003071301,2.0,148.76,0.0,155.6,118.4
808,2003071302,6.0,148.76,0.0,139.8,117.7
809,2003071303,9.5,148.77,0.0,170.6,117.6
810,2003071304,6.0,148.78,0.0,180.5,117.2
811,2003071305,4.5,148.79,0.0,202.5,120.7
812,2003071306,3.5,148.8,0.0,213.7,122.7
813,2003071307,5.0,148.81,0.0,214.7,122.7
814,2003071308,1.5,148.82,0.0,225.9,122.6
815,2003071309,2.5,148.84,0.0,257.8,122.7
816,2003071310,0.0,148.85,0.0,279.4,122.9
817,2003071311,2.5,148.87,0.0,268.1,119.4
818,2003071312,0.5,148.88,0.0,256.5,117.3
819,2003071313,0.0,148.9,0.0,278.2,123.4
820,2003071314,0.0,148.91,0.0,268.2,123.4
821,2003071315,0.0,148.92,0.0,258.5,123.3
822,2003071316,0.0,148.94,0.0,269.1,123.3
823,2003071317,0.0,148.95,0.0,259.0,123.2
824,2003071318,0.0,148.96,0.0,259.6,123.2
825,2003071319,0.0,148.97,0.0,237.4,119.0
826,2003071320,0.0,148.98,0.0,237.8,123.1
827,2003071321,0.0,148.98,0.0,206.3,123.1
828,2003081724,0.0,149.58,0.0,29.2,0.0
829,2003081701,0.0,149.58,0.0,28.2,0.0
830,2003081702,0.0,149.58,0.0,28.2,0.0
831,2003081703,0.0,149.58,0.0,28.2,0.0
832,2003081704,0.0,149.58,0.0,23.3,0.0
833,2003081705,0.5,149.58,0.0,21.4,0.0
834,2003081706,0.0,149.58,0.0,21.4,0.0
835,2003081707,0.0,149.58,0.0,21.4,0.0
836,2003081708,0.0,149.58,0.0,10.7,0.0
837,2003081709,0.5,149.58,0.0,10.7,0.0
838,2003081710,0.0,149.58,0.0,10.7,0.0
839,2003081711,0.0,149.58,0.0,10.7,0.0
840,2003081712,0.5,149.58,0.0,0.0,0.0
841,2003081713,0.0,149.58,0.0,0.0,0.0
842,2003081714,0.0,149.58,0.0,0.0,0.0
843,2003081715,0.0,149.58,0.0,21.4,0.0
844,2003081716,0.0,149.58,0.0,21.4,0.0
845,2003081717,0.0,149.58,0.0,21.4,0.0
846,2003081718,0.5,149.58,0.0,10.7,0.0
847,2003081719,0.0,149.58,0.0,10.7,0.0
848,2003081720,0.0,149.58,0.0,34.8,120.3
849,2003081721,0.5,149.58,0.0,44.1,153.7
850,2003081723,0.0,149.58,0.0,33.8,62.3
851,2003081824,0.0,149.67,0.0,161.1,0.0
852,2003081801,0.1,149.58,0.0,29.2,0.0
853,2003081802,1.4,149.58,0.0,44.4,0.0
854,2003081803,0.5,149.58,0.0,32.3,0.0
855,2003081804,2.5,149.58,0.0,27.7,0.0
856,2003081805,0.5,149.58,0.0,16.9,0.0
857,2003081806,1.5,149.58,0.0,10.7,0.0
858,2003081807,4.5,149.58,0.0,32.1,0.0
859,2003081808,0.5,149.58,0.0,32.1,0.0
860,2003081809,6.0,149.58,0.0,43.4,2.7
861,2003081810,4.0,149.58,0.0,40.7,147.5
862,2003081811,8.5,149.56,0.0,92.0,149.2
863,2003081812,3.5,149.54,0.0,81.0,153.6
864,2003081813,2.0,149.56,0.0,122.5,0.0
865,2003081814,2.0,149.55,0.0,86.2,0.0
866,2003081815,6.5,149.56,0.0,86.2,0.0
867,2003081816,3.5,149.58,0.0,95.3,0.0
868,2003081817,1.5,149.58,0.0,91.3,0.0
869,2003081818,3.5,149.6,0.0,108.5,0.0
870,2003081819,5.5,149.6,0.0,87.1,0.0
871,2003081820,4.0,149.62,0.0,107.2,0.0
872,2003081821,2.0,149.63,0.0,107.2,0.0
873,2003081822,1.5,149.63,0.0,107.2,0.0
874,2003081823,12.0,149.66,0.0,128.8,0.0
875,2003081924,1.5,150.65,0.0,473.9,153.1
876,2003081901,0.1,149.71,0.0,204.2,0.0
877,2003081902,5.9,149.73,0.0,215.0,0.0
878,2003081903,1.5,149.76,0.0,258.3,0.0
879,2003081904,8.5,149.79,0.0,258.4,0.0
880,2003081905,5.0,149.83,0.0,323.3,0.0
881,2003081906,12.5,149.86,0.0,312.8,0.0
882,2003081907,4.0,149.9,0.0,356.3,0.0
883,2003081908,3.0,149.95,0.0,410.9,0.0
884,2003081909,13.5,150.0,0.0,443.8,0.0
885,2003081910,6.5,150.06,0.0,495.4,37.4
886,2003081911,17.0,150.11,0.0,547.0,146.5
887,2003081912,11.0,150.18,0.0,644.1,154.7
888,2003081913,13.5,150.23,0.0,683.1,154.8
889,2003081914,1.5,150.29,0.0,732.0,149.2
890,2003081915,0.0,150.34,0.0,715.6,154.1
891,2003081916,0.0,150.4,0.0,764.8,154.4
892,2003081917,0.0,150.44,0.0,734.2,154.9
893,2003081918,0.0,150.48,0.0,714.0,154.9
894,2003081919,0.0,150.51,0.0,637.9,154.8
895,2003081920,0.0,150.54,0.0,605.4,154.5
896,2003081921,0.0,150.57,0.0,561.9,151.6
897,2003082001,0.0,150.67,0.0,441.0,153.4
898,2003082002,0.0,150.69,0.0,418.9,0.0
899,2003082003,0.0,150.71,0.0,407.2,149.6
900,2003082004,0.0,150.73,0.0,396.2,152.0
901,2003082005,0.0,150.75,0.0,385.2,151.8
902,2003082006,0.0,150.77,0.0,373.8,149.1
903,2003082007,0.0,150.78,0.0,351.6,152.3
904,2003082008,0.0,150.8,0.0,351.5,151.4
905,2003082009,0.0,150.81,0.0,328.7,148.1
906,2003082018,0.0,150.9,0.0,239.6,162.9
907,2003082019,0.0,150.9,0.0,219.6,162.8
908,2003082020,0.0,150.91,0.0,237.8,162.8
909,2003082021,1.0,150.91,0.0,227.9,162.9
910,2003082023,0.5,150.92,0.0,207.6,0.0
911,2003082124,0.5,151.06,0.0,163.0,152.8
912,2003082101,1.0,150.94,0.0,228.2,153.4
913,2003082102,1.0,150.94,0.0,226.1,152.4
914,2003082103,5.0,150.96,0.0,257.6,152.3
915,2003082104,3.0,150.96,0.0,234.0,152.4
916,2003082105,1.5,150.97,0.0,244.2,152.5
917,2003082106,0.5,150.99,0.0,265.1,149.9
918,2003082107,0.0,151.0,0.0,286.0,149.9
919,2003082108,0.0,151.0,0.0,251.7,149.8
920,2003082109,0.0,151.01,0.0,252.0,152.3
921,2003082112,0.0,151.03,0.0,240.4,152.5
922,2003082113,0.0,151.03,0.0,229.5,152.5
923,2003082114,0.0,151.04,0.0,218.6,150.1
924,2003082115,0.0,151.04,0.0,207.1,150.1
925,2003082116,0.0,151.05,0.0,207.2,152.6
926,2003082117,0.0,151.05,0.0,195.7,150.2
927,2003082118,0.0,151.05,0.0,196.1,150.3
928,2003082119,0.0,151.05,0.0,173.1,150.2
929,2003082120,0.0,151.06,0.0,184.6,152.8
930,2003082121,0.0,151.06,0.0,185.2,152.8
931,2003091224,0.1,155.19,0.0,823.0,355.7
932,2003091201,1.0,154.57,0.0,168.3,156.1
933,2003091202,0.5,154.57,0.0,168.6,156.1
934,2003091203,2.5,154.57,0.0,156.1,156.1
935,2003091204,4.0,154.57,0.0,156.1,156.1
936,2003091205,1.5,154.57,0.0,156.1,156.1
937,2003091206,5.0,154.57,0.0,156.1,156.1
938,2003091207,9.0,154.58,0.0,181.0,156.1
939,2003091208,5.5,154.6,0.0,230.8,156.3
940,2003091209,3.5,154.61,0.0,255.7,156.3
941,2003091210,3.5,154.63,0.0,293.0,156.1
942,2003091211,2.0,154.66,0.0,342.9,156.4
943,2003091212,6.0,154.66,0.0,405.3,156.5
944,2003091213,3.0,154.72,0.0,455.4,156.8
945,2003091214,1.0,154.76,0.0,505.1,154.3
946,2003091215,0.0,154.79,0.0,517.5,154.5
947,2003091216,0.0,154.83,0.0,567.9,157.4
948,2003091217,0.0,154.86,0.0,567.1,149.9
949,2003091218,0.0,154.9,0.0,593.0,157.9
950,2003091219,0.5,154.93,0.0,605.1,152.8
951,2003091220,2.0,154.97,0.0,605.5,153.9
952,2003091221,3.5,154.97,0.0,656.2,155.4
953,2003091222,6.0,155.01,0.0,695.0,156.6
954,2003091223,8.5,155.08,0.0,718.7,208.5
955,2003091324,16.5,158.32,0.0,514.1,77.0
956,2003091301,14.5,155.26,0.0,927.0,357.1
957,2003091302,2.0,155.36,0.0,1112.8,345.5
958,2003091303,0.5,155.52,0.0,1723.6,358.5
959,2003091304,0.5,155.69,0.0,2364.9,201.0
960,2003091305,1.5,155.93,0.0,3416.3,206.0
961,2003091306,0.0,156.25,0.0,4353.4,214.0
962,2003091307,0.0,156.59,0.0,4522.3,87.0
963,2003091308,0.0,156.88,0.0,3813.4,0.0
964,2003091309,0.0,157.08,0.0,3176.9,0.0
965,2004061924,0.0,141.1,0.0,140.6,140.6
966,2004061901,0.0,141.22,0.0,0.0,0.0
967,2004061902,0.0,141.23,0.0,75.8,0.0
968,2004061903,1.0,141.22,0.0,0.0,0.0
969,2004061904,6.0,141.23,0.0,75.8,0.0
970,2004061905,2.0,141.23,0.0,0.0,0.0
971,2004061906,1.5,141.24,0.0,75.8,0.0
972,2004061907,1.5,141.24,0.0,0.0,0.0
973,2004061908,1.0,141.24,0.0,0.0,0.0
974,2004061909,0.0,141.23,0.0,11.0,86.8
975,2004061910,0.5,141.22,0.0,61.4,137.2
976,2004061911,2.0,141.2,0.0,0.0,137.2
977,2004061912,2.5,141.19,0.0,61.6,137.4
978,2004061913,0.5,141.18,0.0,0.0,1.4
979,2004061914,2.0,141.17,0.0,56.8,132.6
980,2004061915,1.5,141.17,0.0,133.2,133.2
981,2004061916,4.5,141.14,0.0,0.0,135.1
982,2004061917,4.5,141.15,0.0,214.2,138.6
983,2004061918,3.0,141.12,0.0,0.0,138.2
984,2004061919,7.5,141.12,0.0,137.0,137.0
985,2004061920,8.0,141.1,0.0,0.0,136.4
986,2004061921,16.0,141.11,0.0,210.5,135.2
987,2004061922,5.0,141.1,0.0,61.8,137.1
988,2004061923,4.0,141.1,0.0,138.3,138.3
989,2004062024,7.5,142.3,0.0,690.9,137.3
990,2004062001,5.0,141.1,0.0,137.7,137.7
991,2004062002,11.5,141.11,0.0,212.5,137.2
992,2004062003,2.0,141.13,0.0,288.9,137.8
993,2004062004,6.0,141.15,0.0,219.3,68.2
994,2004062005,3.0,141.19,0.0,302.5,0.0
995,2004062006,0.0,141.23,0.0,303.1,0.0
996,2004062007,0.0,141.26,0.0,227.8,0.0
997,2004062008,3.5,141.31,0.0,380.0,0.0
998,2004062009,19.0,141.37,0.0,457.4,0.5
999,2004062010,0.5,141.42,0.0,506.9,125.0
1000,2004062011,4.5,141.46,0.0,440.8,135.0
1001,2004062012,9.0,141.51,0.0,519.2,135.9
1002,2004062013,0.5,141.57,0.0,596.7,135.9
1003,2004062014,0.0,141.64,0.0,676.4,137.5
1004,2004062015,0.0,141.72,0.0,755.6,137.5
1005,2004062016,0.0,141.79,0.0,680.0,137.5
1006,2004062017,0.5,141.86,0.0,681.4,137.5
1007,2004062018,8.0,141.92,0.0,605.0,137.5
1008,2004062019,1.0,141.99,0.0,684.2,137.5
1009,2004062020,0.0,142.06,0.0,685.8,137.5
1010,2004062021,0.0,142.12,0.0,608.8,137.4
1011,2004062101,0.0,142.39,0.0,851.6,137.4
1012,2004062102,0.5,142.46,0.0,694.7,137.5
1013,2004062103,4.0,142.57,0.0,878.9,0.0
1014,2004062104,6.5,142.66,0.0,721.7,0.0
1015,2004062105,9.0,142.77,0.0,885.8,0.0
1016,2004062106,7.5,142.89,0.0,972.1,1.5
1017,2004062107,7.0,142.99,0.0,951.4,138.9
1018,2004062108,12.5,143.13,0.0,1280.9,138.1
1019,2004062109,4.5,143.28,0.0,1368.9,137.8
1020,2004062110,1.0,143.46,0.0,1624.7,137.8
1021,2004062111,0.5,143.63,0.0,1551.7,137.8
1022,2004062112,0.0,143.8,0.0,1583.6,137.8
1023,2004062113,0.0,143.98,0.0,1716.4,138.3
1024,2004062114,0.0,144.17,0.0,1827.4,150.2
1025,2004062115,0.0,144.33,0.0,1662.9,152.1
1026,2004062116,0.0,144.5,0.0,1582.8,151.7
1027,2004062117,0.0,144.64,0.0,1409.1,149.9
1028,2004062118,0.0,144.75,0.0,1143.2,149.0
1029,2004062119,0.0,144.86,0.0,1147.3,149.2
1030,2004062120,0.0,144.97,0.0,1151.9,149.7
1031,2004062121,0.0,145.05,0.0,879.5,147.8
1032,2004062122,9.0,145.13,0.0,881.4,147.8
1033,2004062123,2.5,145.2,0.0,790.4,146.8
1034,2004070202,0.0,144.07,0.0,0.0,146.8
1035,2004070203,0.0,144.06,0.0,58.4,146.5
1036,2004070204,0.0,144.06,0.0,146.7,146.7
1037,2004070205,0.0,144.04,0.0,0.0,146.7
1038,2004070206,0.1,144.02,0.0,0.0,146.4
1039,2004070207,0.0,144.01,0.0,58.6,146.7
1040,2004070208,0.4,144.01,0.0,8.4,8.4
1041,2004070209,0.0,144.01,0.0,0.0,0.0
1042,2004070210,0.5,144.02,0.0,88.1,0.0
1043,2004070211,0.0,144.02,0.0,0.0,0.0
1044,2004070212,0.0,144.02,0.0,0.0,0.0
1045,2004070213,0.0,144.02,0.0,0.0,0.0
1046,2004070214,0.0,144.02,0.0,0.0,0.0
1047,2004070215,0.0,144.03,0.0,88.1,0.0
1048,2004070216,0.0,144.03,0.0,0.0,0.0
1049,2004070217,0.0,144.03,0.0,0.0,0.0
1050,2004070218,0.0,144.04,0.0,88.3,0.0
1051,2004070219,0.0,144.04,0.0,0.5,0.5
1052,2004070220,0.0,144.03,0.0,47.7,136.0
1053,2004070221,0.0,144.02,0.0,42.1,130.2
1054,2004070311,0.0,143.89,0.0,0.0,0.0
1055,2004070312,0.0,143.89,0.0,0.0,0.0
1056,2004070313,0.0,143.9,0.0,87.5,0.0
1057,2004070314,0.0,143.9,0.0,0.0,0.0
1058,2004070315,0.0,143.9,0.0,0.0,0.0
1059,2004070316,0.0,143.9,0.0,0.0,0.0
1060,2004070317,0.0,143.9,0.0,0.0,0.0
1061,2004070318,0.5,143.91,0.0,87.8,0.0
1062,2004070319,2.5,143.91,0.0,14.4,14.4
1063,2004070320,37.0,143.92,0.0,234.1,146.3
1064,2004070321,5.5,143.93,0.0,233.6,145.8
1065,2004070322,2.0,143.92,0.0,57.7,145.5
1066,2004070323,0.0,143.91,0.0,58.4,146.2
1067,2004070424,0.5,144.08,0.0,222.2,133.9
1068,2004070401,0.5,143.9,0.0,58.5,146.3
1069,2004070402,2.0,143.9,0.0,146.1,146.1
1070,2004070403,3.5,143.9,0.0,145.8,145.8
1071,2004070404,0.0,143.9,0.0,145.9,145.9
1072,2004070405,0.0,143.89,0.0,58.1,145.6
1073,2004070406,0.0,143.89,0.0,145.7,145.7
1074,2004070407,0.0,143.88,0.0,57.2,145.0
1075,2004070408,0.0,143.89,0.0,87.8,0.0
1076,2004070409,0.0,143.89,0.0,0.0,0.0
1077,2004070410,0.5,143.91,0.0,175.3,0.0
1078,2004070411,6.0,143.92,0.0,87.8,0.0
1079,2004070412,4.5,143.95,0.0,263.3,0.0
1080,2004070413,2.0,143.97,0.0,175.8,0.0
1081,2004070414,0.5,143.98,0.0,88.1,0.0
1082,2004070415,0.5,143.99,0.0,87.8,0.0
1083,2004070416,0.5,144.01,0.0,176.1,0.0
1084,2004070417,0.5,144.02,0.0,88.1,0.0
1085,2004070418,0.0,144.03,0.0,88.1,0.0
1086,2004070419,0.0,144.05,0.0,179.7,3.3
1087,2004070420,0.0,144.05,0.0,143.5,143.5
1088,2004070421,0.0,144.06,0.0,232.6,144.3
1089,2004070503,0.0,144.18,0.0,619.7,0.0
1090,2004070504,0.0,144.22,0.0,354.7,0.0
1091,2004070505,0.0,144.27,0.0,444.2,0.0
1092,2004070506,0.0,144.32,0.0,445.3,0.0
1093,2004070507,0.0,144.36,0.0,356.7,0.0
1094,2004070508,0.0,144.4,0.0,357.2,0.0
1095,2004070509,0.0,144.43,0.0,378.4,110.1
1096,2004070609,0.0,144.88,0.0,112.0,112.0
1097,2004070701,0.0,144.94,0.0,91.1,0.0
1098,2004070702,0.0,144.96,0.0,182.5,0.0
1099,2004070703,0.0,144.97,0.0,91.1,0.0
1100,2004070704,0.0,144.98,0.0,91.4,0.0
1101,2004070705,0.0,144.99,0.0,91.4,0.0
1102,2004070706,0.0,145.0,0.0,91.4,0.0
1103,2004070707,0.0,145.02,0.0,182.8,0.0
1104,2004070708,0.5,145.03,0.0,91.7,0.0
1105,2004070709,1.0,145.04,0.0,91.4,0.0
1106,2004070710,5.5,145.05,0.0,164.8,73.1
1107,2004070711,3.5,145.05,0.0,147.7,147.7
1108,2004070712,3.0,145.07,0.0,300.3,117.2
1109,2004070713,2.0,145.07,0.0,0.0,0.0
1110,2004070714,1.5,145.07,0.0,118.1,118.1
1111,2004070715,0.0,145.07,0.0,150.0,150.0
1112,2004070716,1.0,145.05,0.0,0.0,149.9
1113,2004070717,0.5,145.05,0.0,149.6,149.6
1114,2004070718,0.0,145.06,0.0,241.0,149.6
1115,2004070719,0.0,145.05,0.0,57.6,149.0
1116,2004070720,0.0,145.04,0.0,57.2,148.9
1117,2004070721,0.0,145.04,0.0,148.7,148.7
1118,2004070806,0.0,145.12,0.0,183.6,0.0
1119,2004070807,0.0,145.13,0.0,91.9,0.0
1120,2004070808,0.0,145.15,0.0,183.6,0.0
1121,2004070809,0.0,145.16,0.0,103.5,11.6
1122,2004070810,0.0,145.17,0.0,164.4,72.5
1123,2004071117,0.0,145.26,0.0,92.2,0.0
1124,2004071118,0.0,145.26,0.0,0.0,0.0
1125,2004071119,0.0,145.27,0.0,97.8,5.6
1126,2004071120,0.0,145.27,0.0,141.8,141.8
1127,2004071121,0.5,145.26,0.0,47.2,139.4
1128,2004071122,0.0,145.25,0.0,44.9,137.1
1129,2004071123,1.0,145.24,0.0,43.8,136.0
1130,2004071224,3.5,146.02,0.0,568.6,0.0
1131,2004071201,2.0,145.24,0.0,0.0,0.0
1132,2004071202,2.5,145.24,0.0,0.0,0.0
1133,2004071203,1.5,145.26,0.0,184.4,0.0
1134,2004071204,0.0,145.26,0.0,0.0,0.0
1135,2004071205,1.5,145.27,0.0,92.2,0.0
1136,2004071206,4.0,145.28,0.0,92.5,0.0
1137,2004071207,3.0,145.29,0.0,92.2,0.0
1138,2004071208,3.0,145.3,0.0,92.5,0.0
1139,2004071209,5.0,145.32,0.0,185.0,0.0
1140,2004071210,4.5,145.34,0.0,185.0,0.0
1141,2004071211,0.0,145.35,0.0,92.5,0.0
1142,2004071212,0.0,145.37,0.0,305.0,119.7
1143,2004071213,0.0,145.39,0.0,185.3,0.0
1144,2004071214,0.0,145.4,0.0,135.9,43.1
1145,2004071215,0.0,145.45,0.0,605.8,141.6
1146,2004071216,19.0,145.49,0.0,511.1,139.2
1147,2004071217,0.0,145.56,0.0,792.2,140.0
1148,2004071218,0.0,145.65,0.0,882.0,40.9
1149,2004071219,0.0,145.71,0.0,562.2,0.0
1150,2004071220,0.0,145.81,0.0,939.7,0.0
1151,2004071221,0.0,145.86,0.0,608.1,136.7
1152,2004071313,0.0,146.49,0.0,289.2,0.0
1153,2004071314,0.0,146.5,0.0,216.0,119.3
1154,2004071315,19.5,146.54,0.0,514.5,128.4
1155,2004071316,39.5,146.62,0.0,902.5,128.1
1156,2004071317,2.5,146.66,0.0,516.1,128.3
1157,2004071318,0.0,146.73,0.0,701.5,21.2
1158,2004071319,0.0,146.78,0.0,486.9,0.0
1159,2004071320,0.0,146.84,0.0,585.3,0.0
1160,2004071321,0.0,146.89,0.0,596.7,107.8
1161,2004071404,0.1,147.18,0.0,395.3,0.0
1162,2004071405,0.4,147.22,0.0,395.6,0.0
1163,2004071406,1.0,147.26,0.0,396.1,0.0
1164,2004071407,3.0,147.31,0.0,496.1,0.0
1165,2004071408,2.0,147.35,0.0,397.2,0.0
1166,2004071409,2.0,147.38,0.0,341.9,43.3
1167,2004071410,18.0,147.42,0.0,534.1,135.8
1168,2004071411,1.5,147.45,0.0,433.8,134.6
1169,2004071412,0.0,147.47,0.0,334.6,134.9
1170,2004071413,0.5,147.51,0.0,402.7,3.3
1171,2004071414,0.5,147.53,0.0,343.9,143.9
1172,2004071415,1.5,147.55,0.0,345.6,145.3
1173,2004071416,1.0,147.57,0.0,345.3,145.0
1174,2004071417,0.0,147.6,0.0,389.7,89.1
1175,2004071418,0.0,147.63,0.0,301.1,0.0
1176,2004071419,0.0,147.65,0.0,200.8,0.0
1177,2004071420,0.0,147.69,0.0,402.2,0.0
1178,2004071421,0.0,147.71,0.0,201.1,0.0
1179,2004071422,0.0,147.74,0.0,302.2,0.0
1180,2004071423,0.0,147.77,0.0,302.5,0.0
1181,2004071524,0.0,148.26,0.0,318.5,113.2
1182,2004071504,0.1,147.89,0.0,202.5,0.0
1183,2004071505,0.0,147.91,0.0,202.5,0.0
1184,2004071506,0.0,147.94,0.0,304.2,0.0
1185,2004071507,0.0,147.95,0.0,101.7,0.0
1186,2004071508,0.0,147.98,0.0,304.4,0.0
1187,2004071509,0.0,147.99,0.0,146.2,44.5
1188,2004071510,0.4,148.02,0.0,371.0,66.0
1189,2004071511,0.0,148.02,0.0,66.0,66.0
1190,2004071512,0.0,148.03,0.0,167.6,65.7
1191,2004071513,0.0,148.06,0.0,308.1,2.5
1192,2004071514,1.0,148.06,0.0,134.6,134.6
1193,2004071515,0.5,148.07,0.0,234.9,133.2
1194,2004071516,2.0,148.07,0.0,134.3,134.3
1195,2004071517,14.5,148.1,0.0,352.0,45.9
1196,2004071518,1.0,148.15,0.0,510.3,0.0
1197,2004071519,0.0,148.16,0.0,102.2,0.0
1198,2004071520,0.0,148.19,0.0,306.9,0.0
1199,2004071521,0.5,148.2,0.0,102.2,0.0
1200,2004071522,0.0,148.23,0.0,330.4,23.2
1201,2004071523,0.0,148.24,0.0,241.2,138.7
1202,2004071624,1.5,149.0,0.0,315.3,0.0
1203,2004071601,3.5,148.29,0.0,307.8,0.0
1204,2004071602,0.0,148.3,0.0,102.8,0.0
1205,2004071603,0.0,148.33,0.0,308.1,0.0
1206,2004071604,0.0,148.35,0.0,205.8,0.0
1207,2004071605,0.0,148.38,0.0,308.9,0.0
1208,2004071606,1.5,148.41,0.0,308.9,0.0
1209,2004071607,2.5,148.43,0.0,206.4,0.0
1210,2004071608,2.0,148.46,0.0,309.7,0.0
1211,2004071609,7.5,148.48,0.0,234.4,28.0
1212,2004071610,1.5,148.51,0.0,452.7,142.4
1213,2004071611,0.0,148.54,0.0,440.9,130.3
1214,2004071612,0.0,148.56,0.0,298.1,91.2
1215,2004071613,1.0,148.6,0.0,414.7,0.0
1216,2004071614,0.0,148.62,0.0,276.8,69.0
1217,2004071615,8.5,148.67,0.0,652.8,133.4
1218,2004071616,0.0,148.69,0.0,341.1,133.0
1219,2004071617,0.0,148.73,0.0,551.3,134.9
1220,2004071618,0.0,148.77,0.0,526.1,108.9
1221,2004071619,0.0,148.8,0.0,313.1,0.0
1222,2004071620,0.0,148.84,0.0,418.1,0.0
1223,2004071621,0.0,148.88,0.0,418.9,0.0
1224,2004071706,0.5,149.27,0.0,423.9,0.0
1225,2004071707,0.0,149.31,0.0,424.7,0.0
1226,2004071708,0.0,149.35,0.0,425.3,0.0
1227,2004071709,7.5,149.39,0.0,425.6,0.0
1228,2004071710,0.5,149.43,0.0,426.4,0.0
1229,2004071711,0.0,149.47,0.0,541.8,114.9
1230,2004071712,4.0,149.52,0.0,670.9,136.7
1231,2004071713,4.5,149.62,0.0,1077.5,6.1
1232,2004071714,3.0,149.68,0.0,780.0,135.6
1233,2004071715,0.0,149.78,0.0,1211.3,134.4
1234,2004071716,0.0,149.88,0.0,1081.1,0.5
1235,2004071717,0.0,149.99,0.0,1262.6,70.1
1236,2004071718,0.0,150.1,0.0,1197.3,0.4
1237,2004071719,0.0,150.19,0.0,982.2,0.0
1238,2004071720,0.0,150.19,0.0,1045.2,59.9
1239,2004071721,0.0,150.19,0.0,903.6,135.3
1240,2004081724,0.5,147.43,0.0,0.0,0.0
1241,2004081701,0.2,147.43,0.0,99.7,0.0
1242,2004081702,0.1,147.43,0.0,0.0,0.0
1243,2004081703,0.0,147.43,0.0,0.0,0.0
1244,2004081704,0.0,147.43,0.0,0.0,0.0
1245,2004081705,0.0,147.43,0.0,0.0,0.0
1246,2004081706,0.0,147.44,0.0,99.7,0.0
1247,2004081707,0.0,147.44,0.0,0.0,0.0
1248,2004081708,0.0,147.45,0.0,99.7,0.0
1249,2004081709,0.0,147.45,0.0,0.0,0.0
1250,2004081712,0.0,147.46,0.0,71.3,71.3
1251,2004081713,0.0,147.46,0.0,0.0,0.0
1252,2004081714,0.0,147.46,0.0,69.7,69.7
1253,2004081715,0.0,147.45,0.0,20.4,120.1
1254,2004081716,0.0,147.44,0.0,36.3,136.0
1255,2004081717,0.0,147.43,0.0,36.4,136.1
1256,2004081718,0.0,147.44,0.0,105.5,5.8
1257,2004081719,0.0,147.44,0.0,0.0,0.0
1258,2004081720,0.0,147.45,0.0,99.7,0.0
1259,2004081721,0.2,147.44,0.0,41.7,141.4
1260,2004081722,0.0,147.44,0.0,144.7,144.7
1261,2004081723,0.0,147.44,0.0,67.7,67.7
1262,2004081824,0.0,148.28,0.0,1381.0,151.8
1263,2004081802,0.0,147.44,0.0,0.0,0.0
1264,2004081803,0.5,147.45,0.0,99.7,0.0
1265,2004081804,0.0,147.46,0.0,99.7,0.0
1266,2004081805,0.0,147.46,0.0,0.0,0.0
1267,2004081806,0.0,147.47,0.0,100.0,0.0
1268,2004081807,1.0,147.47,0.0,0.0,0.0
1269,2004081808,1.0,147.48,0.0,99.7,0.0
1270,2004081809,4.0,147.49,0.0,100.0,0.0
1271,2004081810,4.0,147.49,0.0,110.7,110.7
1272,2004081811,12.0,147.5,0.0,235.0,135.3
1273,2004081812,11.0,147.51,0.0,235.4,135.4
1274,2004081813,3.5,147.53,0.0,273.0,73.0
1275,2004081814,2.5,147.54,0.0,210.3,110.0
1276,2004081815,6.5,147.53,0.0,33.0,133.3
1277,2004081816,14.0,147.56,0.0,433.5,133.2
1278,2004081817,19.0,147.6,0.0,533.9,133.1
1279,2004081818,9.0,147.68,0.0,936.0,132.4
1280,2004081819,1.5,147.73,0.0,639.7,136.6
1281,2004081820,12.0,147.82,0.0,1057.9,149.8
1282,2004081821,3.5,147.91,0.0,1062.1,151.3
1283,2004081822,1.5,148.05,0.0,1574.0,151.5
1284,2004081823,8.5,148.16,0.0,1273.9,151.7
1285,2004081924,14.5,150.41,0.0,479.6,149.6
1286,2004081901,5.5,148.46,0.0,2003.4,150.1
1287,2004081902,2.0,148.61,0.0,1702.8,150.0
1288,2004081903,0.5,148.77,0.0,1819.7,154.7
1289,2004081904,0.0,148.9,0.0,1514.1,154.7
1290,2004081905,0.5,149.04,0.0,1624.7,154.1
1291,2004081906,0.0,149.16,0.0,1419.6,153.8
1292,2004081907,0.0,149.29,0.0,1530.7,153.8
1293,2004081908,0.0,149.4,0.0,1323.8,153.8
1294,2004081909,0.5,149.5,0.0,1221.1,153.9
1295,2004081910,0.5,149.6,0.0,1224.8,154.2
1296,2004081911,0.0,149.68,0.0,1013.3,154.4
1297,2004081912,0.0,149.76,0.0,1016.2,154.8
1298,2004081913,1.5,149.83,0.0,909.9,154.3
1299,2004081914,0.0,149.9,0.0,911.3,154.1
1300,2004081915,0.0,149.96,0.0,804.6,154.3
1301,2004081916,0.0,150.02,0.0,806.1,154.4
1302,2004081917,0.0,150.07,0.0,697.4,153.5
1303,2004081918,0.0,150.13,0.0,807.2,153.3
1304,2004081919,0.0,150.19,0.0,809.5,154.2
1305,2004081920,0.0,150.24,0.0,699.8,152.9
1306,2004081921,0.0,150.29,0.0,697.6,149.5
1307,2005063024,0.0,135.6,0.0,58.6,0.0
1308,2005070107,0.0,135.67,0.0,58.9,0.0
1309,2005070108,1.5,135.68,0.0,117.8,0.0
1310,2005070109,0.5,135.7,0.0,117.8,0.0
1311,2005070110,0.5,135.72,0.0,112.6,53.7
1312,2005070111,8.0,135.75,0.0,352.1,56.5
1313,2005070112,26.0,135.87,0.0,1542.4,54.9
1314,2005070113,4.0,136.17,0.0,1688.6,0.0
1315,2005070114,0.0,136.43,0.0,1671.4,21.1
1316,2005070115,0.0,136.7,0.0,1707.5,97.5
1317,2005070116,0.0,136.94,0.0,1553.8,112.7
1318,2005070117,0.0,137.14,0.0,1253.3,114.1
1319,2005070118,0.0,137.32,0.0,1134.9,114.3
1320,2005070119,0.0,137.47,0.0,1076.2,112.3
1321,2005070120,0.0,137.61,0.0,890.6,114.5
1322,2005070121,0.0,137.73,0.0,829.3,114.0
1323,2005070204,0.0,138.33,0.0,536.7,0.0
1324,2005070205,0.0,138.33,0.0,471.4,0.0
1325,2005070206,0.0,138.55,0.0,405.3,0.0
1326,2005070207,0.0,138.61,0.0,406.1,0.0
1327,2005070208,0.0,138.67,0.0,407.5,0.0
1328,2005070209,0.0,138.73,0.0,340.3,0.0
1329,2006070901,0.2,136.46,0.0,61.1,0.0
1330,2006070902,0.1,136.46,0.0,0.0,0.0
1331,2006070903,0.1,136.47,0.0,61.4,0.0
1332,2006070904,2.1,136.47,0.0,0.0,0.0
1333,2006070905,2.5,136.48,0.0,61.1,0.0
1334,2006070906,0.5,136.49,0.0,61.4,0.0
1335,2006070907,0.5,136.5,0.0,61.1,0.0
1336,2006070908,0.5,136.5,0.0,0.0,0.0
1337,2006070909,0.5,136.51,0.0,61.4,0.0
1338,2006070910,0.0,136.51,0.0,0.0,0.0
1339,2006070911,2.0,136.52,0.0,62.0,0.6
1340,2006070912,0.5,136.53,0.0,180.8,119.5
1341,2006070913,3.0,136.52,0.0,0.0,2.0
1342,2006070914,2.0,136.52,0.0,0.0,0.0
1343,2006070915,2.5,136.53,0.0,61.4,0.0
1344,2006070916,0.0,136.53,0.0,0.0,0.0
1345,2006070917,0.5,136.53,0.0,117.7,117.7
1346,2006070918,0.0,136.51,0.0,0.0,121.2
1347,2006070919,0.0,136.5,0.0,59.9,121.2
1348,2006070920,0.0,136.48,0.0,0.0,122.5
1349,2006070921,0.0,136.46,0.0,1.7,124.2
1350,2006071006,0.1,136.44,0.0,61.1,0.0
1351,2006071007,0.9,136.44,0.0,0.0,0.0
1352,2006071008,1.5,136.45,0.0,61.1,0.0
1353,2006071009,1.5,136.45,0.0,0.0,0.0
1354,2006071010,5.0,136.47,0.0,122.5,0.0
1355,2006071011,4.0,136.46,0.0,62.5,123.9
1356,2006071012,1.5,136.46,0.0,122.1,122.1
1357,2006071013,4.0,136.46,0.0,0.0,0.0
1358,2006071014,5.5,136.48,0.0,122.5,0.0
1359,2006071015,8.5,136.46,0.0,0.9,123.4
1360,2006071016,5.0,136.47,0.0,187.0,125.6
1361,2006071017,16.0,136.46,0.0,66.1,127.4
1362,2006071018,14.5,136.49,0.0,312.7,128.8
1363,2006071019,6.0,136.55,0.0,368.3,0.0
1364,2006071020,1.5,136.58,0.0,311.2,126.8
1365,2006071021,0.0,136.62,0.0,376.2,129.9
1366,2006071022,0.0,136.68,0.0,442.5,71.6
1367,2006071023,0.0,136.76,0.0,495.8,0.0
1368,2006071124,0.0,139.55,0.0,352.8,0.0
1369,2006071101,0.0,137.02,0.0,815.0,0.0
1370,2006071102,0.0,137.25,0.0,1454.4,0.0
1371,2006071103,0.0,137.47,0.0,1405.8,0.0
1372,2006071104,0.0,137.7,0.0,1485.8,0.0
1373,2006071112,0.1,138.82,0.0,734.1,120.2
1374,2006071113,0.0,138.91,0.0,622.1,5.7
1375,2006071114,0.0,138.98,0.0,607.3,125.9
1376,2006071115,0.0,139.05,0.0,615.8,133.3
1377,2006071116,0.0,139.1,0.0,475.8,130.0
1378,2006071117,0.0,139.16,0.0,545.9,130.0
1379,2006071118,0.3,139.23,0.0,493.2,6.5
1380,2006071119,0.0,139.29,0.0,418.3,0.0
1381,2006071120,0.0,139.34,0.0,456.1,106.6
1382,2006071121,0.0,139.39,0.0,368.9,18.9
1383,2006071122,0.1,139.44,0.0,351.1,0.0
1384,2006071123,1.5,139.5,0.0,421.9,0.0
1385,2006071224,0.5,140.47,0.0,659.7,0.0
1386,2006071201,0.1,139.6,0.0,353.3,0.0
1387,2006071202,0.4,139.64,0.0,283.3,0.0
1388,2006071203,0.0,139.68,0.0,283.9,0.0
1389,2006071204,0.0,139.72,0.0,284.2,0.0
1390,2006071205,3.0,139.77,0.0,356.1,0.0
1391,2006071206,3.0,139.81,0.0,285.3,0.0
1392,2006071207,1.5,139.85,0.0,285.8,0.0
1393,2006071208,1.5,139.88,0.0,214.7,0.0
1394,2006071209,0.5,139.92,0.0,286.9,0.0
1395,2006071210,0.0,139.96,0.0,287.2,0.0
1396,2006071211,0.0,139.98,0.0,264.4,120.5
1397,2006071212,0.0,140.0,0.0,272.9,129.0
1398,2006071213,0.0,140.02,0.0,144.4,0.5
1399,2006071214,0.0,140.03,0.0,196.6,124.4
1400,2006071215,0.0,140.05,0.0,270.6,126.4
1401,2006071216,0.0,140.05,0.0,126.8,126.8
1402,2006071217,0.5,140.07,0.0,275.8,131.3
1403,2006071218,1.0,140.08,0.0,206.0,133.8
1404,2006071219,18.5,140.12,0.0,295.8,6.6
1405,2006071220,1.5,140.15,0.0,346.0,128.8
1406,2006071221,1.5,140.22,0.0,561.8,53.7
1407,2006071222,0.0,140.29,0.0,509.4,0.0
1408,2006071223,0.0,140.38,0.0,657.5,0.0
1409,2006071324,0.0,141.51,0.0,306.7,0.0
1410,2006071424,0.0,142.07,0.0,313.6,0.0
1411,2006071401,0.0,141.55,0.0,306.9,0.0
1412,2006071402,0.0,141.58,0.0,230.8,0.0
1413,2006071403,0.0,141.62,0.0,307.8,0.0
1414,2006071404,0.0,141.65,0.0,231.4,0.0
1415,2006071405,0.0,141.69,0.0,308.9,0.0
1416,2006071406,0.0,141.71,0.0,154.7,0.0
1417,2006071407,0.0,141.75,0.0,309.4,0.0
1418,2006071408,0.0,141.78,0.0,232.8,0.0
1419,2006071409,0.0,141.81,0.0,232.8,0.0
1420,2006071416,1.0,141.9,0.0,132.6,132.6
1421,2006071417,0.0,141.91,0.0,211.7,133.6
1422,2006071418,1.5,141.93,0.0,274.0,117.9
1423,2006071419,0.5,141.96,0.0,234.2,0.0
1424,2006071420,0.0,141.97,0.0,78.1,0.0
1425,2006071421,14.5,141.98,0.0,195.5,117.1
1426,2006071422,1.5,142.01,0.0,288.8,54.1
1427,2006071423,0.0,142.03,0.0,156.7,0.0
1428,2006071524,0.0,142.62,0.0,628.9,148.1
1429,2006071506,0.0,142.29,0.0,237.5,0.0
1430,2006071507,0.0,142.32,0.0,237.8,0.0
1431,2006071508,0.0,142.35,0.0,237.8,0.0
1432,2006071509,0.0,142.38,0.0,238.3,0.0
1433,2006071516,0.0,142.49,0.0,214.4,134.7
1434,2006071517,0.0,142.51,0.0,160.3,0.5
1435,2006071518,0.4,142.53,0.0,202.9,42.9
1436,2006071519,0.0,142.54,0.0,220.0,140.2
1437,2006071520,0.1,142.53,0.0,63.3,143.1
1438,2006071521,6.0,142.54,0.0,227.1,147.4
1439,2006071522,0.5,142.55,0.0,226.7,146.7
1440,2006071523,1.5,142.56,0.0,227.9,147.9
1441,2006071624,0.0,147.09,0.0,3078.8,138.5
1442,2006071609,0.3,143.67,0.0,984.5,150.3
1443,2006071610,6.2,143.75,0.0,823.3,145.2
1444,2006071611,0.5,143.84,0.0,929.8,143.7
1445,2006071612,5.0,143.96,0.0,1202.3,150.0
1446,2006071613,6.5,144.12,0.0,1560.1,149.3
1447,2006071614,7.5,144.34,0.0,2104.4,151.1
1448,2006071615,6.5,144.59,0.0,2390.0,150.0
1449,2006071616,1.5,144.83,0.0,2318.6,148.6
1450,2006071617,10.0,145.07,0.0,2337.9,148.4
1451,2006071618,15.5,145.33,0.0,2542.1,147.9
1452,2006071619,7.5,145.59,0.0,2553.1,136.5
1453,2006071620,14.5,145.88,0.0,2864.2,141.2
1454,2006071621,12.5,146.17,0.0,2906.5,154.8
1455,2006071622,6.0,146.48,0.0,3118.9,145.8
1456,2006071623,1.0,146.79,0.0,3126.5,120.4
1457,2006071724,1.0,149.9,0.0,691.1,150.0
1458,2006071701,2.0,147.37,0.0,2910.7,138.2
1459,2006071702,0.0,147.63,0.0,2740.1,141.8
1460,2006071703,0.5,147.84,0.0,2256.9,141.0
1461,2006071704,2.0,148.05,0.0,2270.6,139.5
1462,2006071705,0.5,148.23,0.0,1979.0,140.4
1463,2006071706,0.5,148.38,0.0,1682.5,141.4
1464,2006071707,2.0,148.52,0.0,1585.0,140.0
1465,2006071708,4.0,148.65,0.0,1483.4,135.4
1466,2006071709,9.0,148.77,0.0,1383.7,134.0
1467,2006071710,6.5,148.89,0.0,1391.8,137.0
1468,2006071711,5.5,149.0,0.0,1291.7,137.3
1469,2006071712,4.5,149.09,0.0,1084.8,137.3
1470,2006071713,1.0,149.18,0.0,1087.0,136.4
1471,2006071714,0.0,149.27,0.0,1089.5,136.2
1472,2006071715,4.0,149.35,0.0,987.0,137.0
1473,2006071716,1.5,149.42,0.0,883.1,137.9
1474,2006071717,2.0,149.49,0.0,884.6,137.4
1475,2006071718,1.0,149.55,0.0,777.1,135.4
1476,2006071719,2.0,149.61,0.0,779.9,136.8
1477,2006071720,8.5,149.68,0.0,893.5,141.9
1478,2006071721,2.0,149.73,0.0,686.1,148.1
1479,2006071722,3.0,149.79,0.0,796.3,149.4
1480,2006071723,2.0,149.85,0.0,797.4,149.4
1481,2006071824,1.0,151.78,0.0,918.3,0.0
1482,2006071801,1.0,149.96,0.0,799.7,149.4
1483,2006071802,1.0,150.02,0.0,799.3,147.6
1484,2006071803,0.0,150.09,0.0,910.4,148.7
1485,2006071804,1.0,150.15,0.0,800.1,145.6
1486,2006071805,0.0,150.22,0.0,909.8,144.8
1487,2006071806,0.0,150.28,0.0,802.7,145.5
1488,2006071807,0.0,150.34,0.0,800.9,142.5
1489,2006071808,0.5,150.4,0.0,802.0,142.3
1490,2006071809,0.5,150.47,0.0,913.5,142.4
1491,2006071810,10.0,150.53,0.0,819.9,157.4
1492,2006071811,7.5,150.6,0.0,931.5,157.0
1493,2006071812,5.5,150.67,0.0,932.8,156.7
1494,2006071813,7.5,150.75,0.0,1044.9,155.8
1495,2006071814,5.5,150.85,0.0,1270.8,156.1
1496,2006071815,2.0,150.95,0.0,1275.4,157.4
1497,2006071816,3.0,151.05,0.0,1278.6,156.9
1498,2006071817,0.5,151.15,0.0,1284.8,159.6
1499,2006071818,2.0,151.24,0.0,1175.7,160.2
1500,2006071819,0.5,151.33,0.0,1178.2,159.6
1501,2006071820,1.5,151.41,0.0,1067.6,159.8
1502,2006071821,1.0,151.51,0.0,1189.1,51.1
1503,2006071822,2.5,151.6,0.0,1027.2,0.0
1504,2006071823,4.5,151.7,0.0,1144.7,0.0
1505,2006071924,0.0,152.99,0.0,524.4,166.9
1506,2006071901,0.1,151.87,0.0,1035.8,0.0
1507,2006071902,0.9,151.95,0.0,923.1,0.0
1508,2006071903,2.0,152.03,0.0,925.6,0.0
1509,2006071904,2.0,152.11,0.0,927.8,0.0
1510,2006071905,0.5,152.18,0.0,813.6,0.0
1511,2006071906,0.5,152.25,0.0,815.3,0.0
1512,2006071907,0.0,152.32,0.0,817.2,0.0
1513,2006071908,0.5,152.4,0.0,936.1,0.0
1514,2006071909,0.0,152.46,0.0,704.4,1.1
1515,2006071910,0.0,152.5,0.0,625.8,156.1
1516,2006071911,0.0,152.56,0.0,865.5,159.7
1517,2006071912,0.0,152.6,0.0,629.7,158.6
1518,2006071913,0.0,152.65,0.0,748.0,158.3
1519,2006071914,0.0,152.68,0.0,514.6,160.5
1520,2006071915,0.0,152.73,0.0,751.0,159.9
1521,2006071916,0.0,152.76,0.0,514.9,159.6
1522,2006071917,0.0,152.79,0.0,515.5,160.0
1523,2006071918,0.0,152.83,0.0,633.9,159.5
1524,2006071919,0.0,152.86,0.0,517.4,161.3
1525,2006071920,0.0,152.89,0.0,521.1,164.7
1526,2006071921,0.0,152.91,0.0,403.0,164.9
1527,2006072016,0.5,153.19,0.0,275.2,155.2
1528,2006072017,3.5,153.2,0.0,275.0,155.0
1529,2006072018,6.5,153.21,0.0,274.9,154.9
1530,2006072019,1.0,153.22,0.0,274.8,154.8
1531,2006072020,0.0,153.23,0.0,274.8,154.8
1532,2006072021,0.5,153.23,0.0,154.8,154.8
1533,2006072022,0.0,153.24,0.0,275.1,154.8
1534,2006072023,0.0,153.25,0.0,274.8,154.8
1535,2006072124,0.0,153.28,0.0,36.5,156.8
1536,2006072101,0.2,153.26,0.0,275.1,154.8
1537,2006072102,0.3,153.26,0.0,154.8,154.8
1538,2006072103,0.0,153.26,0.0,154.8,154.8
1539,2006072104,0.0,153.27,0.0,275.1,154.8
1540,2006072105,0.0,153.27,0.0,154.8,154.8
1541,2006072106,0.0,153.27,0.0,154.8,154.8
1542,2006072107,0.0,153.27,0.0,154.8,154.8
1543,2006072108,0.5,153.28,0.0,275.1,154.8
1544,2006072109,0.0,153.28,0.0,154.8,154.8
1545,2006072306,0.0,153.14,0.0,169.2,169.2
1546,2006072307,0.0,153.13,0.0,49.8,169.8
1547,2006072308,0.0,153.12,0.0,49.3,169.1
1548,2006072309,0.0,153.11,0.0,50.0,169.8
1549,2006072624,0.4,152.59,0.0,158.7,158.7
1550,2006072601,1.0,152.53,0.0,42.0,159.5
1551,2006072602,5.0,152.52,0.0,41.9,159.4
1552,2006072603,7.0,152.52,0.0,159.4,159.4
1553,2006072604,6.0,152.52,0.0,159.4,159.4
1554,2006072605,4.5,152.52,0.0,159.4,159.4
1555,2006072606,3.0,152.51,0.0,41.5,159.2
1556,2006072607,7.5,152.51,0.0,159.6,159.6
1557,2006072608,14.5,152.52,0.0,277.4,159.7
1558,2006072609,5.5,152.52,0.0,159.2,159.2
1559,2006072610,13.5,152.56,0.0,630.4,159.9
1560,2006072611,2.5,152.55,0.0,42.1,159.9
1561,2006072612,0.0,152.57,0.0,395.1,159.8
1562,2006072613,0.5,152.57,0.0,160.0,160.0
1563,2006072614,1.0,152.58,0.0,277.9,160.1
1564,2006072615,0.5,152.59,0.0,278.3,160.3
1565,2006072616,0.0,152.58,0.0,42.4,160.5
1566,2006072617,0.0,152.6,0.0,396.4,160.6
1567,2006072618,0.0,152.59,0.0,42.8,160.6
1568,2006072619,0.0,152.59,0.0,160.0,160.0
1569,2006072620,0.0,152.6,0.0,277.4,159.6
1570,2006072621,0.0,152.59,0.0,41.8,159.6
1571,2006072622,0.0,152.6,0.0,276.3,158.5
1572,2006072719,0.0,152.49,0.0,41.5,159.0
1573,2006072803,0.5,152.46,0.0,159.2,159.2
1574,2006072804,0.5,152.45,0.0,41.4,158.6
1575,2006072805,0.0,152.45,0.0,158.1,158.1
1576,2006072806,0.0,152.45,0.0,158.9,158.9
1577,2006072807,0.0,152.44,0.0,42.4,159.6
1578,2006072808,0.0,152.44,0.0,159.6,159.6
1579,2006072809,0.0,152.44,0.0,159.1,159.1
1580,2006072810,0.0,152.45,0.0,274.0,156.8
1581,2006072811,0.5,152.45,0.0,158.5,158.5
1582,2006072812,0.5,152.45,0.0,159.4,159.4
1583,2006072813,0.0,152.46,0.0,276.8,159.6
1584,2006072814,0.0,152.46,0.0,159.9,159.9
1585,2006072815,7.5,152.49,0.0,512.2,160.0
1586,2006072816,1.0,152.5,0.0,277.5,160.0
1587,2006072817,0.5,152.54,0.0,630.1,159.8
1588,2006072818,0.0,152.56,0.0,395.2,159.6
1589,2006072819,2.0,152.59,0.0,513.2,159.9
1590,2006072820,2.0,152.62,0.0,513.6,160.0
1591,2006072821,0.5,152.65,0.0,500.7,146.9
1592,2006072822,6.5,152.69,0.0,631.0,158.5
1593,2006072823,5.5,152.72,0.0,513.1,158.4
1594,2006072924,0.5,154.59,0.0,904.8,159.2
1595,2006072901,0.1,152.8,0.0,632.4,158.5
1596,2006072902,0.0,152.82,0.0,393.2,156.0
1597,2006072903,0.0,152.87,0.0,752.5,158.6
1598,2006072904,0.4,152.92,0.0,752.9,158.4
1599,2006072905,1.5,153.0,0.0,1112.3,158.9
1600,2006072906,0.5,153.07,0.0,995.6,159.8
1601,2006072907,0.5,153.14,0.0,997.8,160.0
1602,2006072908,0.0,153.22,0.0,1120.0,160.6
1603,2006072909,0.0,153.28,0.0,880.7,159.6
1604,2006072910,0.0,153.38,0.0,1363.9,159.2
1605,2006072912,0.5,153.54,0.0,1129.3,160.4
1606,2006072913,4.0,153.63,0.0,1253.5,161.0
1607,2006072914,0.5,153.73,0.0,1377.5,160.3
1608,2006072915,0.0,153.84,0.0,1503.3,160.0
1609,2006072916,1.5,153.95,0.0,1508.6,160.9
1610,2006072917,4.5,154.05,0.0,1390.5,161.6
1611,2006072918,2.0,154.15,0.0,1394.6,162.1
1612,2006072919,0.0,154.24,0.0,1273.1,160.6
1613,2006072920,0.0,154.32,0.0,1148.7,160.7
1614,2006072921,0.0,154.4,0.0,1150.0,161.1
1615,2009072101,0.0,144.07,0.0,88.3,0.0
1616,2009072102,19.5,144.09,0.0,176.6,0.0
1617,2009072103,52.5,144.13,0.0,353.6,0.0
1618,2009072104,22.5,144.16,0.0,265.6,0.0
1619,2009072105,26.0,144.21,0.0,443.2,0.0
1620,2009072106,8.5,144.24,0.0,266.4,0.0
1621,2009072107,0.5,144.28,0.0,355.6,0.0
1622,2009072108,0.0,144.29,0.0,89.0,0.0
1623,2009072109,0.0,144.32,0.0,267.2,0.0
1624,2009072110,0.0,144.34,0.0,178.3,0.0
1625,2009072111,0.0,144.35,0.0,89.2,0.0
1626,2009072112,0.0,144.38,0.0,267.8,0.0
1627,2009072113,0.0,144.39,0.0,89.3,0.0
1628,2009072114,0.0,144.41,0.0,178.7,0.0
1629,2009072115,0.0,144.41,0.0,108.8,108.8
1630,2009072116,0.0,144.41,0.0,118.9,118.9
1631,2009072117,0.0,144.41,0.0,117.1,117.1
1632,2009072118,0.0,144.42,0.0,103.8,14.3
1633,2009072119,0.0,144.43,0.0,89.4,0.0
1634,2009072120,0.0,144.44,0.0,89.5,0.0
1635,2009072121,0.0,144.46,0.0,179.1,0.0
1636,2009072122,0.0,144.46,0.0,0.0,0.0
1637,2009072123,0.0,144.47,0.0,89.6,0.0
1638,2010081301,0.0,134.28,0.0,52.9,0.0
1639,2010081302,1.0,134.29,0.0,52.9,0.0
1640,2010081303,1.5,134.3,0.0,53.0,0.0
1641,2010081304,2.5,134.31,0.0,53.0,0.0
1642,2010081305,3.5,134.32,0.0,53.0,0.0
1643,2010081306,4.0,134.33,0.0,53.1,0.0
1644,2010081307,3.5,134.35,0.0,106.2,0.0
1645,2010081308,0.0,134.36,0.0,53.1,0.0
1646,2010081309,0.0,134.36,0.0,0.0,0.0
1647,2010081310,0.0,134.37,0.0,53.2,0.0
1648,2010081311,0.0,134.37,0.0,0.0,0.0
1649,2010081312,0.0,134.38,0.0,53.2,0.0
1650,2010081313,0.0,134.4,0.0,107.1,0.6
1651,2010081314,0.0,134.39,0.0,60.5,113.8
1652,2010081315,0.0,134.37,0.0,10.3,116.8
1653,2010081316,0.0,134.37,0.0,106.0,106.0
1654,2010081317,0.0,134.36,0.0,0.0,0.0
1655,2010081318,0.0,134.37,0.0,53.2,0.0
1656,2010081319,0.0,134.37,0.0,0.0,0.0
1657,2010081320,0.5,134.38,0.0,53.2,0.0
1658,2010081321,1.0,134.39,0.0,53.2,0.0
1659,2010081322,62.5,134.43,0.0,213.2,0.0
1660,2010081323,6.5,134.47,0.0,213.6,0.0
1661,2010081324,0.0,134.51,0.0,214.1,0.0
1662,2010081401,0.0,134.53,0.0,107.2,0.0
1663,2010081402,0.0,134.55,0.0,107.3,0.0
1664,2010081403,0.0,134.57,0.0,107.4,0.0
1665,2010081404,0.0,134.58,0.0,53.8,0.0
1666,2010081405,0.0,134.59,0.0,53.8,0.0
1667,2010081406,0.0,134.61,0.0,107.6,0.0
1668,2010081407,0.0,134.62,0.0,53.9,0.0
1669,2010081408,0.0,134.63,0.0,53.9,0.0
1670,2010081409,0.0,134.64,0.0,53.9,0.0
1671,2010081410,0.2,134.65,0.0,53.9,0.0
1672,2010081411,0.8,134.67,0.0,108.0,0.0
1673,2010081412,2.0,134.67,0.0,56.7,56.7
1674,2010081413,7.5,134.68,0.0,54.8,0.7
1675,2010081414,14.0,134.71,0.0,218.6,56.3
1676,2010081415,0.0,134.72,0.0,63.4,9.2
1677,2010081416,0.0,134.74,0.0,108.4,0.0
1678,2010081417,0.0,134.75,0.0,54.3,0.0
1679,2010081418,0.0,134.77,0.0,108.6,0.0
1680,2010081419,0.0,134.78,0.0,54.3,0.0
1681,2010081420,0.0,134.79,0.0,54.4,0.0
1682,2010081421,0.0,134.81,0.0,108.8,0.0
1683,2010081422,0.0,134.82,0.0,54.4,0.0
1684,2010081423,0.0,134.84,0.0,109.0,0.0
1685,2010081424,0.0,134.85,0.0,54.5,0.0
1686,2010081501,0.0,134.86,0.0,54.6,0.0
1687,2010081502,0.0,134.87,0.0,54.6,0.0
1688,2010081503,0.0,134.89,0.0,109.3,0.0
1689,2010081504,0.0,134.9,0.0,54.7,0.0
1690,2010081505,0.0,134.91,0.0,54.7,0.0
1691,2010081506,0.0,134.93,0.0,109.5,0.0
1692,2010081507,0.0,134.94,0.0,54.8,0.0
1693,2010081508,0.0,134.95,0.0,54.8,0.0
1694,2010081509,10.0,134.96,0.0,54.9,0.0
1695,2010081510,30.5,135.02,0.0,329.6,0.0
1696,2010081511,3.0,135.04,0.0,110.1,0.0
1697,2010081512,4.0,135.07,0.0,165.4,0.0
1698,2010081513,1.0,135.09,0.0,110.4,0.0
1699,2010081514,0.0,135.12,0.0,165.8,0.0
1700,2010081515,0.0,135.15,0.0,166.1,0.0
1701,2010081516,0.0,135.18,0.0,166.3,0.0
1702,2010081517,0.0,135.2,0.0,111.0,0.0
1703,2010081518,0.0,135.23,0.0,166.8,0.0
1704,2010081519,0.0,135.27,0.0,222.8,0.0
1705,2010081520,0.0,135.29,0.0,169.4,57.8
1706,2010081521,0.0,135.32,0.0,209.1,41.5
1707,2010081522,0.0,135.35,0.0,167.8,0.0
1708,2010081523,0.0,135.38,0.0,168.1,0.0
1709,2010081524,0.0,135.41,0.0,168.4,0.0
1710,2010081601,0.0,135.44,0.0,168.6,0.0
1711,2010081602,0.0,135.47,0.0,168.9,0.0
1712,2010081603,0.0,135.49,0.0,112.8,0.0
1713,2010081604,0.4,135.52,0.0,169.3,0.0
1714,2010081605,4.1,135.56,0.0,226.1,0.0
1715,2010081606,1.0,135.59,0.0,169.9,0.0
1716,2010081607,1.0,135.62,0.0,170.2,0.0
1717,2010081608,0.0,135.65,0.0,170.4,0.0
1718,2010081609,0.0,135.68,0.0,170.7,0.0
1719,2010081610,0.0,135.71,0.0,171.0,0.0
1720,2010081611,0.0,135.74,0.0,171.3,0.0
1721,2010081612,0.0,135.77,0.0,171.5,0.0
1722,2010081613,0.0,135.79,0.0,114.5,0.0
1723,2010081614,4.0,135.81,0.0,114.6,0.0
1724,2010081615,0.5,135.84,0.0,172.2,0.0
1725,2010081616,0.0,135.86,0.0,114.9,0.0
1726,2010081617,0.0,135.88,0.0,115.1,0.0
1727,2010081618,0.5,135.91,0.0,172.8,0.0
1728,2010081619,0.0,135.91,0.0,103.6,103.6
1729,2010081620,0.0,135.93,0.0,172.5,57.1
1730,2010081621,6.5,135.94,0.0,57.7,0.0
1731,2010081622,8.0,135.98,0.0,231.2,0.0
1732,2010081623,3.0,136.0,0.0,115.8,0.0
1733,2010081624,2.0,136.02,0.0,115.9,0.0
1734,2010081701,0.5,136.05,0.0,174.1,0.0
1735,2010081702,0.0,136.07,0.0,116.2,0.0
1736,2010081703,0.0,136.09,0.0,116.3,0.0
1737,2010081704,0.0,136.12,0.0,174.7,0.0
1738,2010081705,4.0,136.14,0.0,116.6,0.0
1739,2010081706,6.5,136.18,0.0,233.6,0.0
1740,2010081707,1.5,136.21,0.0,175.5,0.0
1741,2010081708,0.0,136.23,0.0,117.2,0.0
1742,2010081709,0.0,136.26,0.0,175.9,0.0
1743,2010081710,0.0,136.29,0.0,176.2,0.0
1744,2010081711,0.0,136.32,0.0,176.5,0.0
1745,2010081712,0.0,136.34,0.0,117.8,0.0
1746,2010081713,0.0,136.37,0.0,177.0,0.0
1747,2010081714,0.0,136.39,0.0,118.1,0.0
1748,2010081715,0.0,136.42,0.0,177.4,0.0
1749,2010081716,0.0,136.44,0.0,118.4,0.0
1750,2010081717,0.0,136.47,0.0,177.9,0.0
1751,2010081718,0.0,136.49,0.0,118.8,0.0
1752,2010081719,0.0,136.51,0.0,118.9,0.0
1753,2010081720,0.0,136.53,0.0,119.0,0.0
1754,2010081721,0.0,136.56,0.0,179.9,1.2
1755,2010081722,0.0,136.56,0.0,113.0,113.0
1756,2010081723,0.0,136.57,0.0,117.0,57.4
1757,2010081724,0.0,136.58,0.0,59.7,0.0
1758,2010081801,0.0,136.6,0.0,119.4,0.0
1759,2010081802,0.0,136.61,0.0,59.8,0.0
1760,2010081803,0.0,136.63,0.0,119.6,0.0
1761,2010081804,0.0,136.64,0.0,59.8,0.0
1762,2010081805,0.0,136.66,0.0,119.8,0.0
1763,2010081806,1.0,136.67,0.0,59.9,0.0
1764,2010081807,0.0,136.69,0.0,120.0,0.0
1765,2010081808,0.0,136.7,0.0,60.0,0.0
1766,2010081809,0.0,136.72,0.0,120.1,0.0
1767,2010081810,0.0,136.73,0.0,60.1,0.0
1768,2010081811,0.0,136.74,0.0,60.1,0.0
1769,2010081812,0.0,136.76,0.0,120.4,0.0
1770,2010081813,0.0,136.77,0.0,60.3,0.0
1771,2010081814,0.0,136.78,0.0,156.6,96.3
1772,2010081815,0.0,136.78,0.0,60.5,60.5
1773,2010081816,0.0,136.78,0.0,29.9,29.9
1774,2010081817,0.0,136.8,0.0,120.6,0.0
1775,2010081818,0.0,136.8,0.0,0.0,0.0
1776,2010081819,0.0,136.82,0.0,120.8,0.0
1777,2010081820,0.0,136.83,0.0,60.4,0.0
1778,2010081821,0.0,136.84,0.0,60.5,0.0
1779,2010081822,0.0,136.84,0.0,105.0,105.0
1780,2010081823,0.0,136.84,0.0,48.2,48.2
1781,2010081824,0.0,136.85,0.0,60.5,0.0
1782,2011062101,0.0,143.15,0.0,20.8,101.0
1783,2011062102,0.0,143.14,0.0,21.2,101.4
1784,2011062103,0.0,143.13,0.0,20.9,101.1
1785,2011062104,0.0,143.12,0.0,7.1,87.3
1786,2011062105,0.0,143.11,0.0,3.8,83.9
1787,2011062106,0.0,143.1,0.0,4.0,84.2
1788,2011062107,0.0,143.09,0.0,5.2,85.2
1789,2011062108,0.0,143.08,0.0,5.9,86.0
1790,2011062109,0.0,143.06,0.0,0.0,86.6
1791,2011062110,0.0,143.06,0.0,86.9,86.9
1792,2011062111,0.0,143.05,0.0,7.6,87.6
1793,2011062112,0.0,143.03,0.0,0.0,86.9
1794,2011062113,0.0,143.03,0.0,86.3,86.3
1795,2011062114,0.0,143.01,0.0,0.0,86.4
1796,2011062115,0.0,143.0,0.0,8.8,88.6
1797,2011062116,0.0,142.99,0.0,10.2,90.0
1798,2011062117,0.0,142.98,0.0,9.5,89.2
1799,2011062118,0.0,142.97,0.0,8.8,88.6
1800,2011062119,0.0,142.96,0.0,9.1,88.8
1801,2011062120,0.0,142.95,0.0,10.3,90.0
1802,2011062121,0.0,142.94,0.0,10.4,90.1
1803,2011062122,0.0,142.93,0.0,10.2,89.8
1804,2011062123,0.0,142.92,0.0,9.3,88.9
1805,2011062124,0.0,142.91,0.0,9.8,89.4
1806,2011062201,0.0,142.9,0.0,5.9,85.4
1807,2011062202,0.0,142.89,0.0,4.4,83.9
1808,2011062203,0.0,142.88,0.0,4.9,84.3
1809,2011062204,0.0,142.87,0.0,5.0,84.5
1810,2011062205,0.0,142.86,0.0,4.9,84.3
1811,2011062206,0.0,142.85,0.0,6.0,85.4
1812,2011062207,0.0,142.84,0.0,12.6,92.0
1813,2011062208,0.0,142.83,0.0,12.2,91.6
1814,2011062209,0.0,142.82,0.0,12.4,91.7
1815,2011062210,0.0,142.81,0.0,12.9,92.1
1816,2011062211,0.0,142.79,0.0,0.0,91.9
1817,2011062212,0.0,142.78,0.0,12.5,91.7
1818,2011062213,0.1,142.77,0.0,12.9,92.1
1819,2011062214,0.1,142.76,0.0,12.6,91.7
1820,2011062215,1.8,142.75,0.0,11.6,90.7
1821,2011062216,1.0,142.74,0.0,12.6,91.7
1822,2011062217,0.5,142.73,0.0,12.8,91.9
1823,2011062218,0.0,142.72,0.0,11.4,90.4
1824,2011062219,0.0,142.71,0.0,10.2,89.2
1825,2011062220,1.5,142.7,0.0,10.0,89.0
1826,2011062221,3.5,142.7,0.0,88.9,88.9
1827,2011062222,3.0,142.69,0.0,9.7,88.6
1828,2011062223,12.0,142.68,0.0,9.7,88.6
1829,2011062224,4.5,142.68,0.0,88.7,88.7
1830,2011062301,0.0,142.67,0.0,10.1,89.0
1831,2011062302,0.0,142.67,0.0,88.9,88.9
1832,2011062303,0.0,142.64,0.0,0.0,88.9
1833,2011062304,0.1,142.64,0.0,88.6,88.6
1834,2011062305,1.9,142.63,0.0,10.3,89.0
1835,2011062306,0.0,142.62,0.0,10.5,89.1
1836,2011062307,0.0,142.62,0.0,89.1,89.1
1837,2011062308,0.0,142.61,0.0,9.7,88.4
1838,2011062309,0.0,142.6,0.0,9.0,87.7
1839,2011062310,0.0,142.59,0.0,3.4,82.0
1840,2011062311,1.0,142.59,0.0,81.9,81.9
1841,2011062312,0.0,142.58,0.0,3.4,81.9
1842,2011062313,0.0,142.57,0.0,3.3,81.9
1843,2011062314,0.0,142.56,0.0,4.4,83.0
1844,2011062315,0.0,142.55,0.0,6.8,85.3
1845,2011062316,0.0,142.55,0.0,85.4,85.4
1846,2011062317,0.0,142.53,0.0,0.0,95.9
1847,2011062318,0.0,142.52,0.0,45.8,124.1
1848,2011062319,0.0,142.51,0.0,29.3,107.7
1849,2011062320,0.0,142.51,0.0,47.8,47.8
1850,2011062321,0.0,142.51,0.0,38.7,38.7
1851,2011062322,0.0,142.51,0.0,38.8,38.8
1852,2011062323,0.0,142.51,0.0,38.7,38.7
1853,2011062324,1.0,142.51,0.0,38.5,38.5
1854,2011062401,0.5,142.51,0.0,38.6,38.6
1855,2011062402,0.5,142.51,0.0,38.7,38.7
1856,2011062403,1.5,142.51,0.0,38.8,38.8
1857,2011062404,0.5,142.51,0.0,38.8,38.8
1858,2011062405,0.0,142.51,0.0,38.7,38.7
1859,2011062406,3.0,142.52,0.0,128.2,49.8
1860,2011062407,1.0,142.52,0.0,50.0,50.0
1861,2011062408,9.0,142.53,0.0,125.3,46.9
1862,2011062409,15.0,142.56,0.0,280.6,45.2
1863,2011062410,8.5,142.59,0.0,280.6,45.0
1864,2011062411,13.0,142.63,0.0,359.7,45.1
1865,2011062412,17.5,142.71,0.0,676.1,45.3
1866,2011062413,3.5,142.81,0.0,836.9,45.8
1867,2011062414,24.0,142.95,0.0,1158.0,45.5
1868,2011062415,7.0,143.12,0.0,1401.9,43.2
1869,2011062416,4.0,143.31,0.0,1528.5,0.0
1870,2011062417,11.0,143.54,0.0,1864.3,0.0
1871,2011062418,6.5,143.77,0.0,1879.4,0.0
1872,2011062419,1.5,144.03,0.0,2142.6,0.0
1873,2011062420,1.0,144.27,0.0,1994.4,0.0
1874,2011062421,1.5,144.48,0.0,1758.1,0.0
1875,2011062422,6.5,144.67,0.0,1600.9,0.0
1876,2011062423,7.0,144.88,0.0,1780.6,0.0
1877,2011062424,3.5,145.1,0.0,1896.8,0.0
1878,2011062501,4.5,145.32,0.0,1991.2,0.0
1879,2011062502,2.0,145.55,0.0,2103.8,0.0
1880,2011062503,0.0,145.8,0.0,2312.1,0.0
1881,2011062504,0.0,146.05,0.0,2338.5,0.0
1882,2011062505,0.0,146.31,0.0,2459.9,0.0
1883,2011062506,0.0,146.56,0.0,2392.0,0.0
1884,2011062507,0.0,146.78,0.0,2126.5,0.0
1885,2011062508,1.5,146.98,0.0,1950.6,0.0
1886,2011062509,0.0,147.16,0.0,1769.8,0.0
1887,2011062510,1.5,147.31,0.0,1550.4,65.4
1888,2011062511,0.0,147.45,0.0,1466.8,72.4
1889,2011062512,3.0,147.58,0.0,1373.2,71.2
1890,2011062513,3.0,147.71,0.0,1308.9,0.0
1891,2011062514,7.0,147.82,0.0,1113.0,0.0
1892,2011062515,2.0,147.92,0.0,1016.1,0.0
1893,2011062516,1.0,148.03,0.0,1122.4,0.0
1894,2011062517,0.5,148.12,0.0,922.0,0.0
1895,2011062518,3.5,148.22,0.0,1028.3,0.0
1896,2011062519,2.5,148.3,0.0,825.6,0.0
1897,2011062520,2.5,148.39,0.0,931.9,0.0
1898,2011062521,2.0,148.47,0.0,831.1,0.0
1899,2011062522,2.0,148.54,0.0,795.5,66.2
1900,2011062523,3.5,148.61,0.0,805.8,74.5
1901,2011062524,5.5,148.69,0.0,912.1,73.9
1902,2011062601,1.5,148.77,0.0,840.8,0.0
1903,2011062602,0.5,148.84,0.0,737.9,0.0
1904,2011062603,2.0,148.92,0.0,845.7,0.0
1905,2011062604,3.0,149.0,0.0,848.3,0.0
1906,2011062605,1.0,149.08,0.0,850.9,0.0
1907,2011062606,2.0,149.16,0.0,853.4,0.0
1908,2011062607,0.0,149.26,0.0,1070.4,0.0
1909,2011062608,0.0,149.34,0.0,859.2,0.0
1910,2011062609,0.0,149.43,0.0,969.7,0.0
1911,2011062609,1.0,149.43,0.0,969.7,0.0
1912,2011062610,0.0,149.51,0.0,917.2,52.5
1913,2011062610,1.0,149.51,0.0,917.2,52.5
1914,2011062611,0.0,149.6,0.0,1035.4,59.5
1915,2011062611,2.0,149.6,0.0,1035.4,59.5
1916,2011062612,0.0,149.69,0.0,1033.2,54.1
1917,2011062612,2.0,149.69,0.0,1033.2,54.1
1918,2011062613,0.0,149.78,0.0,982.3,0.0
1919,2011062613,0.5,149.78,0.0,982.3,0.0
1920,2011062614,0.0,149.87,0.0,985.5,0.0
1921,2011062614,0.5,149.87,0.0,985.5,0.0
1922,2011062615,0.0,149.96,0.0,988.8,0.0
1923,2011062615,0.5,149.96,0.0,988.8,0.0
1924,2011062616,0.0,150.05,0.0,992.0,0.0
1925,2011062617,0.0,150.15,0.0,1106.0,0.0
1926,2011062618,0.0,150.25,0.0,1110.0,0.0
1927,2011062619,0.5,150.36,0.0,1225.6,0.0
1928,2011062620,0.0,150.48,0.0,1342.5,0.0
1929,2011062621,0.0,150.6,0.0,1348.2,0.0
1930,2011062622,0.0,150.72,0.0,1353.9,0.0
1931,2011062623,0.0,150.83,0.0,1306.8,60.8
1932,2011062624,0.0,150.94,0.0,1308.7,57.8
1933,2011062701,0.0,151.04,0.0,1141.3,0.0
1934,2011062702,0.0,151.13,0.0,1030.5,0.0
1935,2011062703,0.0,151.22,0.0,1033.8,0.0
1936,2011062704,0.0,151.29,0.0,806.2,0.0
1937,2011062705,0.0,151.37,0.0,923.8,0.0
1938,2011062706,0.0,151.44,0.0,810.4,0.0
1939,2011062707,0.0,151.5,0.0,696.1,0.0
1940,2011062708,0.0,151.56,0.0,697.6,0.0
1941,2011062709,0.0,151.61,0.0,582.4,0.0
1942,2011062710,0.0,151.66,0.0,583.4,0.0
1943,2011062711,0.0,151.7,0.0,531.7,64.3
1944,2011062712,0.0,151.75,0.0,653.9,68.8
1945,2011062713,0.0,151.8,0.0,586.1,0.0
1946,2011062714,0.0,151.84,0.0,469.6,0.0
1947,2011062715,0.0,151.88,0.0,470.2,0.0
1948,2011062716,0.0,151.91,0.0,408.6,55.6
1949,2011062717,0.0,151.94,0.0,426.1,72.6
1950,2011062718,0.0,151.96,0.0,310.3,74.5
1951,2011062719,0.0,151.99,0.0,428.7,74.7
1952,2011062720,0.0,152.02,0.0,429.2,74.8
1953,2011062721,0.0,152.04,0.0,310.8,74.3
1954,2011062722,0.0,152.06,0.0,311.0,74.4
1955,2011062723,0.0,152.08,0.0,310.9,74.1
1956,2011062724,0.0,152.1,0.0,311.0,74.1
1957,2011062801,0.0,152.12,0.0,311.2,74.2
1958,2011062802,0.0,152.14,0.0,311.3,74.1
1959,2011062803,0.0,152.16,0.0,311.5,74.1
1960,2011062804,0.0,152.17,0.0,192.0,73.3
1961,2011062805,0.0,152.19,0.0,310.8,73.2
1962,2011062806,0.0,152.21,0.0,311.4,73.6
1963,2011062807,0.0,152.22,0.0,192.7,73.8
1964,2011062808,0.0,152.23,0.0,313.1,75.1
1965,2011062809,0.0,152.25,0.0,192.5,73.5
1966,2011062810,0.0,152.26,0.0,192.7,73.5
1967,2011062811,0.0,152.27,0.0,192.9,73.8
1968,2011062812,0.0,152.28,0.0,193.4,74.2
1969,2011062813,0.0,152.29,0.0,192.2,73.0
1970,2011062814,0.0,152.3,0.0,192.8,73.6
1971,2011062815,0.0,152.31,0.0,192.9,73.6
1972,2011062816,0.0,152.32,0.0,193.0,73.7
1973,2011062817,0.0,152.33,0.0,196.8,77.4
1974,2011062818,0.0,152.33,0.0,120.3,120.3
1975,2011062819,0.0,152.33,0.0,160.4,160.4
1976,2011062820,0.0,152.33,0.0,160.0,160.0
1977,2011062821,0.0,152.33,0.0,159.9,159.9
1978,2011062822,0.0,152.33,0.0,159.8,159.8
1979,2011062823,0.0,152.33,0.0,160.6,160.6
1980,2011062824,0.0,152.33,0.0,160.9,160.9
1981,2011062901,0.0,152.33,0.0,160.8,160.8
1982,2011062902,0.0,152.33,0.0,160.9,160.9
1983,2011062903,0.0,152.33,0.0,160.9,160.9
1984,2011062904,0.0,152.33,0.0,160.9,160.9
1985,2011062905,0.0,152.32,0.0,41.5,160.9
1986,2011062906,0.0,152.32,0.0,160.8,160.8
1987,2011062907,0.0,152.32,0.0,160.7,160.7
1988,2011062908,0.0,152.31,0.0,41.5,160.9
1989,2011062909,0.0,152.31,0.0,160.9,160.9
1990,2011062910,0.0,152.3,0.0,41.6,160.8
1991,2011062911,0.0,152.3,0.0,153.5,153.5
1992,2011062912,0.0,152.3,0.0,151.9,151.9
1993,2011062913,0.0,152.29,0.0,29.9,149.2
1994,2011062914,0.0,152.29,0.0,148.8,148.8
1995,2011062915,0.0,152.28,0.0,29.2,148.4
1996,2011062916,0.0,152.28,0.0,148.6,148.6
1997,2011062917,0.0,152.28,0.0,148.4,148.4
1998,2011062918,5.0,152.27,0.0,29.4,148.6
1999,2011062919,0.0,152.27,0.0,146.8,146.8
2000,2011062920,2.5,152.27,0.0,146.8,146.8
2001,2011062921,0.0,152.26,0.0,27.3,146.4
2002,2011062922,0.0,152.26,0.0,146.6,146.6
2003,2011062923,0.0,152.25,0.0,26.6,145.7
2004,2011062924,0.0,152.25,0.0,146.3,146.3
2005,2011063001,0.0,152.25,0.0,148.0,148.0
2006,2011063002,0.0,152.25,0.0,150.0,150.0
2007,2011063003,0.0,152.25,0.0,150.0,150.0
2008,2011063004,0.0,152.24,0.0,30.9,150.0
2009,2011063005,0.0,152.24,0.0,150.1,150.1
2010,2011063006,0.0,152.24,0.0,58.2,58.2
2011,2011063007,0.0,152.24,0.0,47.2,47.2
2012,2011063008,0.0,152.25,0.0,163.9,44.9
2013,2011063009,0.0,152.25,0.0,44.6,44.6
2014,2011063010,0.0,152.26,0.0,164.0,44.9
2015,2011063011,0.0,152.27,0.0,164.1,44.9
2016,2011063012,0.0,152.28,0.0,164.1,45.0
2017,2011063013,0.0,152.28,0.0,44.8,44.8
2018,2011063014,0.0,152.29,0.0,164.0,44.8
2019,2011063015,0.0,152.3,0.0,164.3,45.0
2020,2011063016,0.0,152.31,0.0,163.9,44.7
2021,2011063017,0.0,152.31,0.0,45.2,45.2
2022,2011063018,0.0,152.32,0.0,164.3,45.0
2023,2011063019,0.0,152.33,0.0,164.1,44.7
2024,2011063020,0.0,152.34,0.0,162.4,43.0
2025,2011063021,0.0,152.35,0.0,162.4,42.9
2026,2011063022,0.0,152.36,0.0,162.5,43.0
2027,2011063023,0.0,152.37,0.0,162.4,42.8
2028,2011063024,0.0,152.37,0.0,42.9,42.9
2029,2011070101,0.0,152.38,0.0,162.4,42.8
2030,2011070102,0.0,152.39,0.0,162.3,42.7
2031,2011070103,0.0,152.4,0.0,162.4,42.8
2032,2011070104,0.0,152.4,0.0,42.7,42.7
2033,2011070105,0.0,152.41,0.0,162.5,42.8
2034,2011070106,0.0,152.42,0.0,162.6,42.9
2035,2011070107,0.0,152.42,0.0,42.6,42.6
2036,2011070108,0.0,152.43,0.0,161.9,42.2
2037,2011070109,0.0,152.43,0.0,42.6,42.6
2038,2011070110,0.0,152.44,0.0,162.4,42.6
2039,2011070111,0.0,152.45,0.0,162.9,43.1
2040,2011070112,0.0,152.45,0.0,42.8,42.8
2041,2011070113,0.0,152.46,0.0,163.0,43.2
2042,2011070114,0.0,152.46,0.0,42.8,42.8
2043,2011070115,0.0,152.47,0.0,162.8,42.8
2044,2011070116,0.0,152.47,0.0,42.8,42.8
2045,2011070117,0.0,152.48,0.0,158.8,38.9
2046,2011070118,0.0,152.48,0.0,37.9,37.9
2047,2011070119,0.0,152.49,0.0,158.0,38.0
2048,2011070120,0.0,152.49,0.0,38.0,38.0
2049,2011070121,0.0,152.49,0.0,38.1,38.1
2050,2011070122,0.0,152.5,0.0,157.9,37.8
2051,2011070123,0.0,152.5,0.0,37.5,37.5
2052,2011070124,0.0,152.51,0.0,157.6,37.5
2053,2011070201,0.0,152.51,0.0,37.4,37.4
2054,2011070202,0.0,152.52,0.0,157.8,37.6
2055,2011070203,0.0,152.52,0.0,37.6,37.6
2056,2011070204,0.0,152.52,0.0,37.3,37.3
2057,2011070205,0.0,152.52,0.0,37.2,37.2
2058,2011070206,0.0,152.53,0.0,157.4,37.3
2059,2011070207,0.0,152.53,0.0,36.8,36.8
2060,2011070208,0.0,152.53,0.0,36.9,36.9
2061,2011070209,0.0,152.54,0.0,158.7,38.5
2062,2011070210,0.0,152.54,0.0,42.7,42.7
2063,2011070211,0.0,152.54,0.0,42.7,42.7
2064,2011070212,0.0,152.54,0.0,42.5,42.5
2065,2011070213,0.0,152.55,0.0,162.6,42.4
2066,2011070214,0.0,152.55,0.0,42.5,42.5
2067,2011070215,0.0,152.55,0.0,44.0,44.0
2068,2011070216,0.0,152.55,0.0,45.2,45.2
2069,2011070217,0.0,152.56,0.0,165.1,44.8
2070,2011070218,0.0,152.56,0.0,44.8,44.8
2071,2011070219,0.0,152.56,0.0,45.1,45.1
2072,2011070220,0.0,152.56,0.0,45.2,45.2
2073,2011070221,0.0,152.56,0.0,44.9,44.9
2074,2011070222,0.2,152.56,0.0,44.8,44.8
2075,2011070223,0.0,152.56,0.0,45.0,45.0
2076,2011070224,0.0,152.57,0.0,165.1,44.8
2077,2011070301,0.0,152.57,0.0,44.7,44.7
2078,2011070302,0.0,152.57,0.0,44.4,44.4
2079,2011070303,0.0,152.57,0.0,44.1,44.1
2080,2011070304,0.1,152.57,0.0,44.3,44.3
2081,2011070305,29.4,152.6,0.0,405.7,44.5
2082,2011070306,0.0,152.59,0.0,0.0,44.5
2083,2011070307,0.0,152.62,0.0,406.3,44.9
2084,2011070308,0.0,152.61,0.0,0.0,44.0
2085,2011070309,1.0,152.61,0.0,43.9,43.9
2086,2011070310,1.5,152.62,0.0,164.6,44.1
2087,2011070311,2.0,152.62,0.0,43.8,43.8
2088,2011070312,4.0,152.63,0.0,164.4,43.8
2089,2011070313,1.5,152.64,0.0,164.4,43.8
2090,2011070314,4.5,152.65,0.0,164.4,43.8
2091,2011070315,2.5,152.66,0.0,164.3,43.6
2092,2011070316,0.0,152.66,0.0,43.9,43.9
2093,2011070317,0.0,152.68,0.0,286.5,45.1
2094,2011070318,0.0,152.69,0.0,169.0,48.2
2095,2011070319,1.0,152.71,0.0,289.8,48.1
2096,2011070320,2.0,152.73,0.0,286.3,44.5
2097,2011070321,0.5,152.76,0.0,406.8,43.8
2098,2011070322,0.0,152.78,0.0,285.9,43.7
2099,2011070323,0.0,152.81,0.0,407.3,43.7
2100,2011070324,0.0,152.86,0.0,650.3,43.4
2101,2012081801,33.5,146.01,0.0,375.3,0.0
2102,2012081802,29.0,146.05,0.0,375.9,0.0
2103,2012081803,0.0,146.1,0.0,470.9,0.0
2104,2012081804,0.0,146.12,0.0,188.6,0.0
2105,2012081805,0.0,146.16,0.0,377.8,0.0
2106,2012081806,0.0,146.17,0.0,94.5,0.0
2107,2012081807,0.0,146.2,0.0,283.9,0.0
2108,2012081808,0.0,146.23,0.0,284.8,0.5
2109,2012081809,0.0,146.25,0.0,190.2,0.5
2110,2012081810,0.0,146.27,0.0,189.9,0.0
2111,2012081811,0.0,146.28,0.0,217.8,122.8
2112,2012081812,0.0,146.29,0.0,205.9,110.9
2113,2012081813,0.0,146.3,0.0,95.1,0.0
2114,2012081814,0.0,146.32,0.0,246.1,55.8
2115,2012081815,0.0,146.33,0.0,149.6,54.4
2116,2012081816,0.0,146.34,0.0,148.0,52.7
2117,2012081817,0.0,146.35,0.0,148.7,53.4
2118,2012081818,0.5,146.36,0.0,95.4,0.0
2119,2012081819,0.0,146.38,0.0,190.8,0.0
2120,2012081820,0.0,146.39,0.0,198.6,103.2
2121,2012081821,0.0,146.39,0.0,107.6,107.6
2122,2012081822,0.0,146.39,0.0,109.8,109.8
2123,2012081823,0.0,146.4,0.0,166.9,71.4
2124,2012081824,0.0,146.41,0.0,95.5,0.0
2125,2014081701,0.0,134.19,0.0,0.0,0.0
2126,2014081702,0.0,134.19,0.0,0.0,0.0
2127,2014081703,0.0,134.19,0.0,0.0,0.0
2128,2014081704,0.0,134.19,0.0,0.0,0.0
2129,2014081705,0.0,134.19,0.0,0.0,0.0
2130,2014081706,0.0,134.2,0.0,52.7,0.0
2131,2014081707,0.0,134.2,0.0,0.0,0.0
2132,2014081708,0.0,134.2,0.0,104.7,104.7
2133,2014081709,0.0,134.18,0.0,5.4,110.8
2134,2014081710,0.0,134.18,0.0,0.7,0.7
2135,2014081711,0.0,134.18,0.0,0.0,0.0
2136,2014081712,0.0,134.18,0.0,0.0,0.0
2137,2014081713,0.0,134.18,0.0,0.0,0.0
2138,2014081714,0.0,134.19,0.0,0.0,0.0
2139,2014081715,0.0,134.19,0.0,91.3,91.3
2140,2014081716,0.0,134.17,0.0,0.0,95.1
2141,2014081717,0.0,133.35,0.0,44.8,97.4
2142,2014081718,0.1,134.14,0.0,101.6,101.6
2143,2014081719,0.4,134.12,0.0,0.0,104.1
2144,2014081720,0.5,134.12,0.0,27.3,27.3
2145,2014081721,1.0,134.12,0.0,0.0,0.0
2146,2014081722,3.5,134.12,0.0,0.0,0.0
2147,2014081723,2.0,134.14,0.0,105.1,0.0
2148,2014081724,2.5,134.14,0.0,0.0,0.0
2149,2014081801,5.5,134.14,0.0,0.0,0.0
2150,2014081802,5.5,134.16,0.0,105.2,0.0
2151,2014081803,2.5,134.16,0.0,0.0,0.0
2152,2014081804,5.5,134.17,0.0,52.6,0.0
2153,2014081805,3.5,134.18,0.0,52.6,0.0
2154,2014081806,7.5,134.19,0.0,52.7,0.0
2155,2014081807,6.0,134.2,0.0,52.7,0.0
2156,2014081808,8.0,134.22,0.0,105.5,0.0
2157,2014081809,9.0,134.24,0.0,105.6,0.0
2158,2014081810,4.5,134.25,0.0,110.2,57.4
2159,2014081811,1.5,134.26,0.0,112.1,59.3
2160,2014081812,0.0,134.25,0.0,7.0,59.9
2161,2014081813,0.5,134.25,0.0,57.0,57.0
2162,2014081814,1.0,134.25,0.0,58.3,58.3
2163,2014081815,0.5,134.25,0.0,57.9,57.9
2164,2014081816,2.0,134.26,0.0,115.5,62.7
2165,2014081817,13.5,134.27,0.0,112.5,59.6
2166,2014081818,7.0,134.29,0.0,168.2,62.3
2167,2014081819,2.0,134.32,0.0,220.9,61.8
2168,2014081820,0.5,134.35,0.0,221.3,62.0
2169,2014081821,0.0,134.37,0.0,168.0,61.7
2170,2014081822,0.5,134.4,0.0,170.0,10.3
2171,2014081823,0.0,134.44,0.0,213.3,0.0
2172,2014081824,0.5,134.49,0.0,267.3,0.0
2173,2014081901,0.1,134.55,0.0,321.6,0.0
2174,2014081902,0.0,134.62,0.0,376.5,0.0
2175,2014081903,0.3,134.69,0.0,377.9,0.0
2176,2014081904,1.1,134.75,0.0,325.0,0.0
2177,2014081905,0.5,134.83,0.0,434.9,0.0
2178,2014081906,0.0,134.88,0.0,272.8,0.0
2179,2014081907,3.5,134.95,0.0,383.1,0.0
2180,2014081908,4.0,135.03,0.0,439.5,0.0
2181,2014081909,0.5,135.11,0.0,441.3,0.0
2182,2014081910,0.0,135.18,0.0,446.2,58.5
2183,2014081911,0.0,135.24,0.0,398.7,65.3
2184,2014081912,0.0,135.3,0.0,400.5,66.0
2185,2014081913,0.0,135.36,0.0,401.6,66.0
2186,2014081914,0.0,135.41,0.0,346.4,66.0
2187,2014081915,0.0,135.47,0.0,403.4,66.0
2188,2014081916,0.0,135.52,0.0,348.1,66.0
2189,2014081917,0.0,135.57,0.0,347.3,64.5
2190,2014081918,0.0,135.63,0.0,404.3,64.0
2191,2014081919,13.0,135.68,0.0,348.4,64.0
2192,2014081920,16.0,135.75,0.0,463.4,64.0
2193,2014081921,5.0,135.84,0.0,536.1,20.4
2194,2014081922,1.0,135.93,0.0,518.1,0.0
2195,2014081923,1.0,136.01,0.0,462.6,0.0
2196,2014081924,0.0,136.08,0.0,406.3,0.0
2197,2014082001,0.5,136.16,0.0,466.2,0.0
2198,2014082002,2.5,136.23,0.0,409.5,0.0
2199,2014082003,0.0,136.3,0.0,411.0,0.0
2200,2014082004,0.0,136.36,0.0,353.5,0.0
2201,2014082005,0.0,136.43,0.0,413.8,0.0
2202,2014082006,0.5,136.48,0.0,296.5,0.0
2203,2014082007,0.0,136.55,0.0,416.3,0.0
2204,2014082008,0.0,136.6,0.0,298.3,0.0
2205,2014082009,1.0,136.65,0.0,299.1,0.0
2206,2014082010,0.0,136.7,0.0,345.9,46.1
2207,2014082011,0.0,136.75,0.0,345.3,44.6
2208,2014082012,0.0,136.78,0.0,227.2,46.4
2209,2014082013,0.0,136.83,0.0,346.7,44.9
2210,2014082014,0.5,136.87,0.0,242.1,0.0
2211,2014082015,0.0,136.91,0.0,242.5,0.0
2212,2014082016,0.0,136.96,0.0,303.9,0.0
2213,2014082017,0.0,137.0,0.0,243.7,0.0
2214,2014082018,0.0,137.05,0.0,305.3,0.0
2215,2014082019,0.5,137.08,0.0,183.6,0.0
2216,2014082020,1.0,137.12,0.0,245.1,0.0
2217,2014082021,11.0,137.17,0.0,307.1,0.0
2218,2014082022,10.5,137.22,0.0,307.9,0.0
2219,2014082023,3.0,137.29,0.0,432.4,0.0
2220,2014082024,1.5,137.35,0.0,371.8,0.0
2221,2014082101,0.3,137.41,0.0,373.0,0.0
2222,2014082102,1.2,137.47,0.0,374.1,0.0
2223,2014082103,1.5,137.54,0.0,437.9,0.0
2224,2014082104,4.5,137.63,0.0,565.3,0.0
2225,2014082105,3.5,137.73,0.0,631.1,0.0
2226,2014082106,2.5,137.83,0.0,634.3,0.0
2227,2014082107,0.0,137.93,0.0,637.4,0.0
2228,2014082108,2.0,138.04,0.0,704.9,0.0
2229,2014082109,1.0,138.15,0.0,708.7,0.0
2230,2014082110,0.0,138.26,0.0,712.6,0.0
2231,2014082111,0.0,138.35,0.0,633.7,47.8
2232,2014082112,0.0,138.45,0.0,701.2,47.2
2233,2014082113,0.0,138.55,0.0,703.7,46.5
2234,2014082114,0.0,138.65,0.0,699.6,39.2
2235,2014082115,0.0,138.75,0.0,663.6,0.0
2236,2014082116,0.0,138.84,0.0,599.9,0.0
2237,2014082117,2.5,138.93,0.0,602.6,0.0
2238,2014082118,0.0,139.02,0.0,605.2,0.0
2239,2014082119,0.0,139.11,0.0,607.7,0.0
2240,2014082120,0.0,139.2,0.0,610.4,0.0
2241,2014082121,0.0,139.28,0.0,544.7,0.0
2242,2014082122,0.0,139.37,0.0,615.3,0.0
2243,2014082123,0.0,139.44,0.0,480.3,0.0
2244,2014082124,0.0,139.51,0.0,481.9,0.0
